"topic_model_prompt_ids","topic_model","prompt_id","datasets","example_text_in_prompt","report"
"0-LDA","LDA","0","banking77","price expired card replacement long","is there something wrong with using cash at a gas station when"
"0-LDA","LDA","0","banking77","price expired card replacement long","card replacement fee charged late notice card expired request refund"
"0-LDA","LDA","0","banking77","price expired card replacement long","card replacement cost expired fee charge"
"0-LDA","LDA","0","banking77","price expired card replacement long","need help with account charges on my card for an extra payment this month."
"0-LDA","LDA","0","banking77","price expired card replacement long","My credit limit is reaching its maximum, I need to add more money before making a purchase today. Can you assist?"
"0-LDA","LDA","0","banking77","price expired card replacement long","I want the ability of transferring funds directly from one bank app wallet service without using another method like cash or ATM withdrawals."
"0-LDA","LDA","0","banking77","price expired card replacement long","Can we get our card replaced as soon I'm charged an extra fee for my recent transactions?"
"0-LDA","LDA","0","banking77","price expired card replacement long","Is it possible to receive money back on a purchase I made with this wrong credit/debit transaction?"
"0-LDA","LDA","0","banking77","price expired card replacement long","I've been told that there's going be some sort of charge when transferring funds from one account into another, can you explain the process and any fees involved?"
"0-LDA","LDA","0","banking77","price expired card replacement long","I need help understanding why my card was declined for payment today."
"0-LDA","LDA","0","banking77","price expired card replacement long","Can we discuss a possible way to avoid extra charges on our monthly bill?"
"0-LDA","LDA","0","banking77","price expired card replacement long","Is there a fee associated with transferring funds between my checking and savings accounts?"
"0-LDA","LDA","0","banking77","price expired card replacement long","I've been charged multiple times recently without prior notice; can we resolve this issue?"
"0-LDA","LDA","0","banking77","price expired card replacement long","card replacement fee expired notice"
"0-LDA","LDA","0","banking77","price expired card replacement long","seller extra charge for card processing payment issue resolved successfully today."
"0-LDA","LDA","0","banking77","price expired card replacement long","solders' compensation for handling card payments during busy season is now increased."
"0-LDA","LDA","0","banking77","price expired card replacement long","user wants to understand if using a different payment method will avoid additional transaction costs"
"0-LDA","LDA","0","banking77","price expired card replacement long","seller offering discount on next order if customer faces issues due to payment processing fees"
"0-LDA","LDA","0","banking77","price expired card replacement long","user concerned about high transaction rates when using a credit/debit account online purchase."
"0-LDA","LDA","0","banking77","price expired card replacement long","solders' assistance with troubleshooting failed card payments and refund processes"
"0-LDA","LDA","0","banking77","price expired card replacement long","user confused about how to get a charge reversed for unauthorized transaction on their account."
"0-LDA","LDA","0","banking77","price expired card replacement long","solders' advice sought regarding international transactions and associated fees"
"0-LDA","LDA","0","banking77","price expired card replacement long","user frustrated with frequent foreign transaction surcharges on their credit/debit account."
"0-LDA","LDA","0","banking77","price expired card replacement long","""why am i always being charged extra for using a debit or cc when making purchases overseas?"" ""can you help me understand the different types of charges that apply to my card usage"""
"0-LDA","LDA","0","banking77","price expired card replacement long","solders' guidance requested about avoiding unnecessary fees during online shopping"
"0-LDA","LDA","0","banking77","price expired card replacement long","user inquiring if there's an option available without paying additional shipping and handling costs."
"0-LDA","LDA","0","banking77","price expired card replacement long","solders' help requested with setting up recurring payments to prevent future payment issues"
"0-LDA","LDA","0","banking77","price expired card replacement long","user needs assistance in creating a direct debit arrangement due past failed card transactions."
"0-LDA","LDA","0","banking77","price expired card replacement long","""how can we set this so that it automatically"
"0-LDA","LDA","0","banking77","price expired card replacement long","card not working need replace old one with new purchase extra charge"
"0-LDA","LDA","0","banking77","price expired card replacement long","The cost of replacing an expiring credit/debit statement has gone up unexpectedly."
"0-LDA","LDA","0","banking77","price expired card replacement long","card replacement cost expired fee payment"
"0-LDA","LDA","0","banking77","price expired card replacement long","selling extra charge for card processing assistance needed immediately, please help with account charges."
"0-LDA","LDA","0","banking77","price expired card replacement long","can you tell me how much it costs for someone else’s card transfer to their account? Is there a fee involved, and when will the funds be available?"
"0-LDA","LDA","0","banking77","price expired card replacement long","I've noticed a fee on our account after using the credit/debit machine, is this usual?"
"0-LDA","LDA","0","banking77","price expired card replacement long","I need help understanding the fees associated with using your service to charge someone else's account."
"0-LDA","LDA","0","banking77","price expired card replacement long","I've been told there will be extra charges for my recent bank transfer; can we discuss this further?"
"0-LDA","LDA","0","banking77","price expired card replacement long","I've been billed for using another person's card; can we talk about how to resolve this?"
"0-LDA","LDA","0","banking77","price expired card replacement long","Is there any possibility of getting charged an extra amount due to my recent purchase activities on credit card?"
"0-LDA","LDA","0","banking77","price expired card replacement long","Can we talk through how charges are applied to my account from foreign transactions made via credit card?"
"0-LDA","LDA","0","banking77","price expired card replacement long","Is it possible that I've been charged extra money without my knowledge? How can we review these charges together?"
"0-LDA","LDA","0","banking77","price expired card replacement long","Is there any extra cost involved in using my credit/debit cards at foreign ATMs? How much would that be?"
"0-LDA","LDA","0","banking77","price expired card replacement long","What are some possible reasons for a fee being applied to the use of our banking services, and how can we resolve it?"" ""Is my bank charging me an additional amount"
"0-LDA","LDA","0","banking77","price expired card replacement long","I need to replace my old credit limit due date soon."
"0-LDA","LDA","0","banking77","price expired card replacement long","My charge account has been maxed out, I have no money left on it right now. Can you help me with this?"
"0-LDA","LDA","0","banking77","price expired card replacement long","I'm trying a new payment method and want the rate applied immediately for today’s purchase."
"0-LDA","LDA","0","banking77","price expired card replacement long","How do we go about adding extra fees to my card balance? My partner wants that."
"0-LDA","LDA","0","banking77","price expired card replacement long","I've encountered an issue; I need assistance in getting money back from your account. Can you help me with this?"
"0-LDA","LDA","0","banking77","price expired card replacement long","I'm trying a new payment app, but I'm having trouble transferring funds between accounts at the ATM right now."
"0-LDA","LDA","0","banking77","price expired card replacement long","Is it possible to charge my card for extra fees? I'd like some clarification on that."
"0-LDA","LDA","0","banking77","price expired card replacement long","I have an old purchase I need refunded; can we go through your process together?"
"0-LDA","LDA","0","banking77","price expired card replacement long","My credit limit is about due soon, and I'm concerned. Can you help me with this?"
"0-LDA","LDA","0","banking77","price expired card replacement long","I'm confused by the exchange rate today when trying to get cash from my card at a foreign ATM."
"0-LDA","LDA","0","banking77","price expired card replacement long","Is it possible for us as couples or partners if we need assistance in managing our shared account? I could use some guidance."
"0-LDA","LDA","0","banking77","price expired card replacement long","I've been charged an unexpected fee, and I'm not sure how much money is left on the credit limit. Can you help?"
"0-LDA","LDA","0","banking77","price expired card replacement long","I'm trying to transfer funds from my card directly into another bank's system for a purchase but it's taking too long."
"0-LDA","LDA","0","banking77","price expired card replacement long","Can we go through your process of charging our account with extra fees? We need some clarity."
"0-LDA","LDA","0","banking77","price expired card replacement long","I'd like assistance in understanding how I can receive money back on the seller’s end. Can you help?"
"0-LDA","LDA","0","banking77","price expired card replacement long","My credit limit is about to expire, and I'm not sure what steps are needed next."
"0-LDA","LDA","0","banking77","price expired card replacement long","I'm having trouble using my card for a payment today; it's giving me an error message at checkout."
"0-LDA","LDA","0","banking77","price expired card replacement long","I've been told there's no possibility of getting money back from the seller's account. Can you confirm this?"
"0-LDA","LDA","0","banking77","price expired card replacement long","Is there any way to apply extra fees on our credit limit before it expires? I'm considering that option."
"0-LDA","LDA","0","banking77","price expired card replacement long","I'm confused about how my card works with ATM withdrawals; can someone explain?"
"0-LDA","LDA","0","banking77","price expired card replacement long","I've been charged a fee I didn't expect, and now the balance seems lower. Can you help me understand?"
"0-LDA","LDA","0","banking77","price expired card replacement long","Can we try another payment method today to avoid these extra fees on our account? I'm open for suggestions."
"0-LDA","LDA","0","banking77","price expired card replacement long","My credit limit is about"
"0-LDA","LDA","0","banking77","price expired card replacement long","card replacement fee expired notice long"
"0-LDA","LDA","0","banking77","price expired card replacement long","inquiry about charge account money card extra fees payment method seller assistance needed for purchase direct item use app transaction today possible?"
"0-LDA","LDA","0","banking77","price expired card replacement long","sending bill to couple's joint credit now, can I add another person? Need help with adding them and paying together."
"0-LDA","LDA","0","banking77","price expired card replacement long","I need to charge money on our shared account but I'm not sure how much I can put in without hitting any fees, could use some guidance."
"0-LDA","LDA","0","banking77","price expired card replacement long","I've been charged twice on our joint bill, can you help reverse these transactions immediately without any fees?"
"0-LDA","LDA","0","banking77","price expired card replacement long","I've noticed some charges on our account that we didn't make, can you help me dispute them without incurring any fees?"
"0-LDA","LDA","0","banking77","price expired card replacement long","I want my card replaced but also need assistance understanding all associated charges. Can you guide me through this process?"
"0-LDA","LDA","0","banking77","price expired card replacement long","I've been charged twice on one purchase, can you help me resolve this issue and avoid further charges?"
"0-LDA","LDA","0","banking77","price expired card replacement long","I've been charged an unexpected amount on my card, can you help me understand why and how I might avoid this in future transactions?"
"0-LDA","LDA","0","banking77","price expired card replacement long","My credit limit is almost maxed out; should I'm concerned about extra charges if it"
"0-LDA","LDA","0","banking77","price expired card replacement long","inquiry about charge account money due extra fee for payment processing seller assistance needed to complete transaction successfully."
"0-LDA","LDA","0","banking77","price expired card replacement long","seeking clarification about charge account money transfer to my bank's ATM; encountered a fee when attempting this service, looking for alternative ways or understanding whether it is necessary."
"0-LDA","LDA","0","banking77","price expired card replacement long","user confused by the concept of using their credit/debit cards with different sellers and facing potential extra fees. Need assistance in navigating payment options such as direct purchases versus app-based transactions."
"0-LDA","LDA","0","banking77","price expired card replacement long","requesting help to understand how my charge account money works when dealing directly, considering possible need-to-know days for specific actions like withdrawals or transfers."
"0-LDA","LDA","0","banking77","price expired card replacement long","user experiencing issues using their card with a merchant and looking into the possibility of alternative solutions including contacting customer service about fees. Need advice on whether they should proceed immediately."
"0-LDA","LDA","0","banking77","price expired card replacement long","seeking clarification regarding charge account money transfer to my bank's ATM, encountered an unexpected fee during this process; need assistance in understanding if it's necessary or possible alternatives."
"0-LDA","LDA","0","banking77","price expired card replacement long","user experiencing difficulty with their card not being accepted by a merchant and looking into potential solutions such as contacting the seller for help. Need advice on whether they should attempt withdrawal options."
"0-LDA","LDA","0","banking77","price expired card replacement long","exploring different payment methods, considering direct purchases versus app-based transactions; need guidance regarding extra fees associated to each option or how these affect my charge account money."
"0-LDA","LDA","0","banking77","price expired card replacement long","user confused about why their card is not being accepted by a merchant and looking into potential solutions such as contacting the seller for help. Need advice on whether they should attempt withdrawal options."
"0-LDA","LDA","0","banking77","price expired card replacement long","seeking clarification around using credit/debit cards with different sellers, encountering possible extra fees; need guidance regarding alternative payment methods or how these affect my charge account money."
"0-LDA","LDA","0","banking77","price expired card replacement long","user experiencing issues when trying to use their card at a merchant and looking into potential solutions such as contacting the seller for help. Need advice on whether they should attempt withdrawal options."
"0-LDA","LDA","0","banking77","price expired card replacement long","user confused about why their card is not being accepted by a merchant and looking into potential solutions such as contacting the seller for help. Need advice"
"0-LDA","LDA","0","banking77","price expired card replacement long","The charge on my account was applied late and I need to understand the extra fee."
"0-LDA","LDA","0","banking77","price expired card replacement long","I want money from a seller directly, bypassing any additional fees if possible."
"0-LDA","LDA","0","banking77","price expired card replacement long","How do we go about transferring funds between accounts? Is there an ATM option?"
"0-LDA","LDA","0","banking77","price expired card replacement long","There seems like there's been some confusion with our payment; can you tell me how long it will take for this to be resolved?"
"0-LDA","LDA","0","banking77","price expired card replacement long","Is the rate of exchange favorable today, or should I wait before making a purchase in another currency?"
"0-LDA","LDA","0","banking77","price expired card replacement long","I need help understanding why my account was charged an extra fee last month."
"0-LDA","LDA","0","banking77","price expired card replacement long","Can we make use now and pay directly instead?"
"0-LDA","LDA","0","banking77","price expired card replacement long","My card transaction went through but I'm worried about potential fees; can you explain?"
"0-LDA","LDA","0","banking77","price expired card replacement long","How do couples usually handle financial disputes over charges on their accounts? Any advice?"
"0-LDA","LDA","0","banking77","price expired card replacement long","I'd like to transfer money from my account using an ATM, is that possible today at this rate of exchange?"
"0-LDA","LDA","0","banking77","price expired card replacement long","I think there might have been a mistake with the card transaction. Can we try another method?"
"0-LDA","LDA","0","banking77","price expired card replacement long","My bank says I can get back some lost funds through chargeback; how does it work exactly?"
"0-LDA","LDA","0","banking77","price expired card replacement long","Can you explain why there's such high fees when using my credit/debit for purchases? Is this normal?"
"0-LDA","LDA","0","banking77","price expired card replacement long","I've encountered an issue where a payment was not processed correctly. Can we go over the possible solutions?"
"0-LDA","LDA","0","banking77","price expired card replacement long","My card has been declined twice today, can I withdraw cash instead and use that method?"
"0-LDA","LDA","0","banking77","price expired card replacement long","Is there any way to avoid fees when using my credit/debit for online purchases? I'd like some tips."
"0-LDA","LDA","0","banking77","price expired card replacement long","I've heard about chargebacks; how does one request a refund or reversal of an unwanted transaction?"
"0-LDA","LDA","0","banking77","price expired card replacement long","What are the typical charges associated with international money transfers, especially through ATM withdrawals?"
"0-LDA","LDA","0","banking77","price expired card replacement long","I was charged unexpectedly last month. Can you explain why this happened and what I can do?"
"0-LDA","LDA","0","banking77","price expired card replacement long","Is there any way to expedite my payment process when using digital wallets like PayPal? I'm looking for a faster option."
"0-LDA","LDA","0","banking77","price expired card replacement long","I've been trying different methods but can't seem right with the transaction; could we try another approach?"
"0-LDA","LDA","0","banking77","price expired card replacement long","I'm confused about how fees are calculated on credit card purchases. Can you clarify this?"
"0-LDA","LDA","0","banking77","price expired card replacement long","Is there an easier way to handle payments directly without involving multiple intermediaries?"
"0-LDA","LDA","0","banking77","price expired card replacement long","How do I go through a chargeback process if I've been overcharged? Are customer service available for assistance with that issue?"
"0-LDA","LDA","0","banking77","price expired card replacement long","card replacement cost too high long"
"0-LDA","LDA","0","banking77","price expired card replacement long","soldier need help charge account money card extra fee payment failed use seller service now?"
"0-LDA","LDA","0","banking77","price expired card replacement long","user tried to pay with a credit but faced an issue due the rate exchange on app, what should I do next?"
"0-LDA","LDA","0","banking77","price expired card replacement long","how can i withdraw cash from my bank using atm and ensure no additional fees are charged today""?"
"0-LDA","LDA","0","banking77","price expired card replacement long","I am having trouble getting money back into our account after making multiple charges; could you assist us?"
"0-LDA","LDA","0","banking77","price expired card replacement long","user wants to use their card for a purchase but is concerned about potential extra payment rates, any advice?"
"0-LDA","LDA","0","banking77","price expired card replacement long","how do I get my bank transfer done quickly without incurring additional fees or waiting too long""?"
"0-LDA","LDA","0","banking77","price expired card replacement long","soldier needs assistance with charging money onto his account due an unexpected fee; can you help?"
"0-LDA","LDA","0","banking77","price expired card replacement long","user attempted to use their card for a purchase but encountered issues during the rate exchange, what should they try next?"
"0-LDA","LDA","0","banking77","price expired card replacement long","how do I ensure my bank transfer goes through without any extra fees or delays""?"
"0-LDA","LDA","0","banking77","price expired card replacement long","soldier wants assistance with transferring money from his account due an unexpected fee; can you help?"
"0-LDA","LDA","0","banking77","price expired card replacement long","user faced problems when trying to use their card for a purchase because of the rate exchange, what should they try next?"
"0-LDA","LDA","0","banking77","price expired card replacement long","how do I get my bank transfer done without any extra fees or delays""?"
"0-LDA","LDA","0","banking77","price expired card replacement long","soldier encountered issues with charging money onto his account due an unexpected fee; can you assist?"
"0-LDA","LDA","0","banking77","price expired card replacement long","user attempted using credit but faced problems during payment process at store's app and now wants to withdraw cash instead, what should they try next?"
"0-LDA","LDA","0","banking77","price expired card replacement long","soldier needs assistance with a card replacement due an unexpected fee; can you help?"
"0-LDA","LDA","0","banking77","price expired card replacement long","user faced issues when trying the credit during payment process at store's app and now wants to withdraw cash instead, what should they try next?"
"0-LDA","LDA","0","banking77","price expired card replacement long","soldier encountered problems with charging money onto his account due an unexpected fee; can you assist?"
"0-LDA","LDA","0","banking77","price expired card replacement long","user attempted using credit but faced issues during payment process at store's app and now wants to withdraw cash instead, what should they try next?"
"0-LDA","LDA","0","banking77","price expired card replacement long","user faced issues when trying"
"0-LDA","LDA","0","banking77","price expired card replacement long","inquiry about card renewal process extra charge possible?"
"0-LDA","LDA","0","banking77","price expired card replacement long","due date missed on account leading to additional fees, advice needed for payment history correction."
"0-LDA","LDA","0","banking77","price expired card replacement long","selling point of adding a surcharge when using my credit/debit in-store purchases is unclear. Is this standard practice or an error? Need clarification before proceeding with the transaction"
"0-LDA","LDA","0","banking77","price expired card replacement long","question about whether there are extra charges associated directly billing card instead via app at checkout today?"
"0-LDA","LDA","0","banking77","price expired card replacement long","is it possible to avoid fees by linking bank account for automatic payments, and how do I set that up correctly on my online banking portal."
"0-LDA","LDA","0","banking77","price expired card replacement long","saw a charge labeled as 'late payment fee' in the last statement. Can you explain why this happened? Is there any way we can contest or remove these charges?"
"0-LDA","LDA","0","banking77","price expired card replacement long","can i make an extra transaction with cash back option at grocery store using card and how much would that cost me additionally to my regular bill amount."
"0-LDA","LDA","0","banking77","price expired card replacement long","saw a charge for 'currency conversion' on recent bank statement. Need clarification if it is normal when making international purchases via credit/debit cards or not"
"0-LDA","LDA","0","banking77","price expired card replacement long","trying multiple payment methods today, but unable get through with the purchase due extra security checks needed by seller’s system?"
"0-LDA","LDA","0","banking77","price expired card replacement long","I noticed my card was declined yesterday during an online transaction despite having sufficient funds in account - can you help me understand why this happened and how to resolve it."
"0-LDA","LDA","0","banking77","price expired card replacement long","solders are asking for a 'processing fee' when I want direct bank transfer instead of credit/debit, is that something they should charge or not?"
"0-LDA","LDA","0","banking77","price expired card replacement long","looking into setting up recurring payments from my checking/credit card automatically. Is there any extra cost involved with such an arrangement?"
"0-LDA","LDA","0","banking77","price expired card replacement long","is it possible to link both savings and debit cards for a single payment process? If yes how can I set this option in the banking app."
"0-LDA","LDA","0","banking77","price expired card replacement long","saw unexpected fee on recent transaction made via credit/debit, is that due exchange rate or some other reason?"
"0-LDA","LDA","0","banking77","price expired card replacement long","need assistance understanding my monthly bank statement - there are several small charges labeled as 'merchant fees' and I'm not sure what they all mean. Can you help me sort them out?"
"0-LDA","LDA","0","banking77","price expired card replacement long","I have been charged twice for the same transaction recently via credit/debit card, can we resolve this issue immediately? Please provide steps to ensure it doesn't happen again."
"0-LDA","LDA","0","banking77","price expired card replacement long","trying direct bank transfer but facing issues with insufficient funds in my account - need guidance on how I should proceed and avoid additional charges."
"0-LDA","LDA","0","banking77","price expired card replacement long","solders are asking me why I'm not using their"
"0-LDA","LDA","0","banking77","price expired card replacement long","card replacement cost long-term card issue charge extra fee"
"0-LDA","LDA","0","banking77","price expired card replacement long","need assistance with payment processing on my account due to a mistake in the transaction amount received from seller."
"0-LDA","LDA","0","banking77","price expired card replacement long","In trying again, I encountered an additional service expense for this month's bill; is it possible?"
"0-LDA","LDA","0","banking77","price expired card replacement long","I've noticed that there's been some discrepancy between what I've paid and what's charged. Can we reconcile these differences together? The last charge was unusually high without my consent."
"0-LDA","LDA","0","banking77","price expired card replacement long","Is there a way to avoid extra fees when making payments directly through the app, or are they unavoidable for certain transactions?"
"0-LDA","LDA","0","banking77","price expired card replacement long","My account shows multiple charges from different sources; how can I identify which ones were legitimate and correct any errors?"
"0-LDA","LDA","0","banking77","price expired card replacement long","I'm confused about how these charges are being applied and whether they reflect actual purchases or potential errors."
"0-LDA","LDA","0","banking77","price expired card replacement long","My credit limit seems lower than expected after the recent charges. Could this be an error or something that needs fixing?"
"0-LDA","LDA","0","banking77","price expired card replacement long","My card was declined during the transaction. Is this due an issue with its expiration or is it something else?"
"0-LDA","LDA","0","banking77","price expired card replacement long","My card was charged multiple times this week. Is there an issue with the transaction process, or is it normal?"
"0-LDA","LDA","0","banking77","price expired card replacement long","I've noticed some unexpected charges on my account and I'm concerned about potential fraud; what should be done next?"" ""Is extra fee applicable for using a credit instead of cash at checkout today?"
"0-LDA","LDA","0","banking77","price expired card replacement long","My card has been declined again despite having sufficient funds. Can we troubleshoot this issue together? What steps can I take to resolve it?"
"0-LDA","LDA","0","banking77","price expired card replacement long","inquiry about card charge extra cost assistance needed help with transaction payment method seller account issues resolution process time for refund request."
"0-LDA","LDA","0","banking77","price expired card replacement long","sending money from my bank to another person's credit or debit cards how can I do it what are the fees involved in this transfer?"
"0-LDA","LDA","0","banking77","price expired card replacement long","I need help understanding the fees associated with my bank's payment processing services when I make a purchase. Can you provide me detailed information on this?"
"0-LDA","LDA","0","banking77","price expired card replacement long","What should one expect in terms of transaction time if sending money internationally via bank transfer - is the process instantaneous? How can this be expedited?"
"0-LDA","LDA","0","banking77","price expired card replacement long","What is considered standard procedure for reporting lost cards to banks - will this affect my"
"0-LDA","LDA","0","banking77","price expired card replacement long","card replacement fee charged unexpectedly"
"0-LDA","LDA","0","banking77","price expired card replacement long","need to pay extra fee for card services regularly."" "" “how do I charge my account with a credit limit?"
"0-LDA","LDA","0","banking77","price expired card replacement long","”can you help me understand the exchange rate on this payment method?” """" "" “was there an old transaction that charged money without notice?”"
"0-LDA","LDA","0","banking77","price expired card replacement long","” ""is it possible to use another card for direct payments instead of cash?"
"0-LDA","LDA","0","banking77","price expired card replacement long","“how do I report a lost or stolen credit/debit account?"
"0-LDA","LDA","0","banking77","price expired card replacement long","”can you explain the fee structure when transferring funds from my bank app?” "" "" “do couples have any specific payment options available?”"
"0-LDA","LDA","0","banking77","price expired card replacement long","” ""what's an appropriate withdrawal amount for ATM use?"
"0-LDA","LDA","0","banking77","price expired card replacement long","“how do I receive a refund on charges made to another account?"
"0-LDA","LDA","0","banking77","price expired card replacement long","”can you tell me about the fees associated with using my card overseas?” "" "" “is there any way we can avoid extra payment costs when making purchases?”"
"0-LDA","LDA","0","banking77","price expired card replacement long","” ""what's your policy for correcting errors in billing?"
"0-LDA","LDA","0","banking77","price expired card replacement long","“how do I get money from an ATM if I'm having trouble withdrawing cash?"
"0-LDA","LDA","0","banking77","price expired card replacement long","”can you guide me through the process of setting up a new card replacement?” "" "" “are there any extra fees associated with international transactions on my account?”"
"0-LDA","LDA","0","banking77","price expired card replacement long","” ""what's your policy for late payment charges?"
"0-LDA","LDA","0","banking77","price expired card replacement long","“how do I ensure that I'm not charged when using an app to pay bills?"
"0-LDA","LDA","0","banking77","price expired card replacement long","”can you explain the steps needed if a card is lost or stolen?” "" "" “are there any fees associated with transferring money between my accounts?”"
"0-LDA","LDA","0","banking77","price expired card replacement long","” ""what's your policy on handling disputes over charges?"
"0-LDA","LDA","0","banking77","price expired card replacement long","“how do I set up an automatic payment for recurring bills through this app?"
"0-LDA","LDA","0","banking77","price expired card replacement long","”can you help me understand the process of reporting a fraudulent transaction?” "" "" “is there any way to get money back if my card was used without permission?”"
"0-LDA","LDA","0","banking77","price expired card replacement long","” ""what's your policy on late fees and interest charges?"
"0-LDA","LDA","0","banking77","price expired card replacement long","“how do I pay for services using only credit cards, avoiding cash payments?"
"0-LDA","LDA","0","banking77","price expired card replacement long","”can you assist me with a problem I'm having accessing funds in another account?” "" "" “are there any limits to how much money can be transferred at once from my bank app?”"
"1-LDA","LDA","1","banking77","receive item order want cancel refund guide","I accidentally made a purchase but want to cancel it before the card gets debited. Need assistance understanding how this works. Other topics may include: receiving an incorrect charge on my account"
"1-LDA","LDA","1","banking77","receive item order want cancel refund guide","request charge account money card go extra fee payment use seller for help with purchase process and refunds possible on day of transaction via app or ATM withdrawal."
"1-LDA","LDA","1","banking77","receive item order want cancel refund guide","need to know how much it will cost me if I transfer my credit/debit/ATM cards directly into another person's bank accounts, including any fees that might apply"
"1-LDA","LDA","1","banking77","receive item order want cancel refund guide","how do you tell someone they made a mistake when transferring money from their card account and received the wrong amount? Need assistance with refunding or correcting this issue."
"1-LDA","LDA","1","banking77","receive item order want cancel refund guide","can couples help each other to charge funds onto shared credit/debit/ATM cards for mutual expenses if we need immediate payment solutions?"
"1-LDA","LDA","1","banking77","receive item order want cancel refund guide","Can I charge my partner's bill onto our joint bank/card if we both have access, and how can couples manage this together effectively? Need guidance on shared accounts."
"1-LDA","LDA","1","banking77","receive item order want cancel refund guide","I want a guide for using the card transfer feature of an ATM. How do you get your money from another account into mine today with minimal fees?"
"1-LDA","LDA","1","banking77","receive item order want cancel refund guide","Can you explain the process of transferring money from one card to another account through an ATM withdrawal today?"
"1-LDA","LDA","1","banking77","receive item order want cancel refund guide","What steps should be taken to ensure that charging money onto an account goes smoothly, especially when dealing directly through apps?"
"1-LDA","LDA","1","banking77","receive item order want cancel refund guide","I am experiencing problems when trying to transfer money from one account onto another using an ATM. How do I resolve this issue today?"
"1-LDA","LDA","1","banking77","receive item order want cancel refund guide","want to charge my account extra fee help needed how do I stop it?"
"1-LDA","LDA","1","banking77","receive item order want cancel refund guide","how can we pay using a card at the seller's store today and avoid fees?"
"1-LDA","LDA","1","banking77","receive item order want cancel refund guide","need assistance with transferring money from our bank accounts, any advice on avoiding charges for this transaction would be appreciated."
"1-LDA","LDA","1","banking77","receive item order want cancel refund guide","what is your policy if there's an error in my payment due to wrong account details provided by me?"
"1-LDA","LDA","1","banking77","receive item order want cancel refund guide","can I make use of a card transfer service at the ATM today and are there extra fees involved?"
"1-LDA","LDA","1","banking77","receive item order want cancel refund guide","how do we go about withdrawing money from our bank accounts using cards, any guidance on avoiding additional charges would be appreciated."
"1-LDA","LDA","1","banking77","receive item order want cancel refund guide","what's your refund rate for incorrect purchases made directly to my account without physical receipt?"
"1-LDA","LDA","1","banking77","receive item order want cancel refund guide","is it possible that I was charged a fee when making an online purchase last week and how can this get resolved?"
"1-LDA","LDA","1","banking77","receive item order want cancel refund guide","how do we go about telling our bank card company there has been unauthorized use of the credit or debit cards recently, any guidance on immediate actions would be appreciated."
"1-LDA","LDA","1","banking77","receive item order want cancel refund guide","can you explain why my recent transaction incurred extra fees despite using a direct payment method?"
"1-LDA","LDA","1","banking77","receive item order want cancel refund guide","do I need to pay an additional fee for transferring money from one account at another financial institution and how can this process work without added costs?"
"1-LDA","LDA","1","banking77","receive item order want cancel refund guide","what steps should we take if our card is declined due the insufficient funds in it, any advice on rectifying such issues would be appreciated."
"1-LDA","LDA","1","banking77","receive item order want cancel refund guide","how do you handle a situation where there has been an incorrect charge made to my bank account?"
"1-LDA","LDA","1","banking77","receive item order want cancel refund guide","can I withdraw cash from another person's ATM using their credit/debit cards and what are potential charges involved?"
"1-LDA","LDA","1","banking77","receive item order want cancel refund guide","is direct purchase of items via the app possible without incurring additional fees, any guidance on this would be appreciated."
"1-LDA","LDA","1","banking77","receive item order want cancel refund guide","what's your policy for refunding purchases that were made with a card but returned in person?"
"1-LDA","LDA","1","banking77","receive item order want cancel refund guide","can you guide me through resolving an issue where my bank charged extra money when I transferred funds from one account to another?"
"1-LDA","LDA","1","banking77","receive item order want cancel refund guide","how do we go about disputting unauthorized charges found on our credit or debit cards, any guidance would be appreciated."
"1-LDA","LDA","1","banking77","receive item order want cancel refund guide","what's the procedure for getting a refund if I've been overcharged during online shopping?"
"1-LDA","LDA","1","banking77","receive item order want cancel refund guide","can you provide assistance with understanding why my bank charged me an extra fee when I made two transactions in one day?"
"1-LDA","LDA","1","banking77","receive item order want cancel refund guide","how do we go about reporting lost/stolen credit or debit cards to our financial institution and get them replaced without incurring additional charges, any guidance would"
"1-LDA","LDA","1","banking77","receive item order want cancel refund guide","how do we go about making a payment with an ATM card and ensure the transaction goes through smoothly? other topics include issues related to transferring funds between accounts or incorrect withdrawal amounts."
"1-LDA","LDA","1","banking77","receive item order want cancel refund guide","how do we go about canceling a transaction that was mistakenly processed, and what's your refund policy? other topics include resolving issues related to incorrect charges or failed transactions."
"1-LDA","LDA","1","banking77","receive item order want cancel refund guide","how do you process a payment when someone uses their credit/debit info without my permission, and what are the consequences? other"
"1-LDA","LDA","1","banking77","receive item order want cancel refund guide","how to get assistance if there's been unauthorized activity on my account, need guidance immediately."
"1-LDA","LDA","1","banking77","receive item order want cancel refund guide","I need help with a charge on my account money card go extra fee payment use seller."
"1-LDA","LDA","1","banking77","receive item order want cancel refund guide","I'm trying to understand the exchange rate for transferring funds from one bank app. Payment process is confusing, can you assist?"
"1-LDA","LDA","1","banking77","receive item order want cancel refund guide","My partner and I have an issue; we can't seem how get our couple's joint credit line set up correctly without any fees involved."
"1-LDA","LDA","1","banking77","receive item order want cancel refund guide","Is it possible charge account money card with a delay? We want to know if there's going be extra fee."
"1-LDA","LDA","1","banking77","receive item order want cancel refund guide","I need help receiving my item order, but I'm not sure about the refund process. Can you guide me?"
"1-LDA","LDA","1","banking77","receive item order want cancel refund guide","I'm having trouble using our bank app for transferring funds; is there an alternative way we can do this without incurring fees?"
"1-LDA","LDA","1","banking77","receive item order want cancel refund guide","Can I charge money to account with a card? Is it possible or should use another method like cash at ATM work payment want day."
"1-LDA","LDA","1","banking77","receive item order want cancel refund guide","I received my item order but need help understanding the refund process. Can you guide me through how cancel and get back what i paid?"
"1-LDA","LDA","1","banking77","receive item order want cancel refund guide","I'm trying transfer funds from one bank app, is there an extra fee for this service? How do I avoid it?"
"1-LDA","LDA","1","banking77","receive item order want cancel refund guide","Can we use our card to pay directly on a seller's platform instead of using money account or ATM withdrawal?"
"1-LDA","LDA","1","banking77","receive item order want cancel refund guide","I need help understanding how my credit line was charged with fees; can you explain the process?"
"1-LDA","LDA","1","banking77","receive item order want cancel refund guide","My bank app is not working correctly, and I'm having trouble transferring funds. Can someone assist me?"
"1-LDA","LDA","1","banking77","receive item order want cancel refund guide","How do I get in touch to report a wrong charge on card transfer? Is there an extra fee for this?"
"1-LDA","LDA","1","banking77","receive item order want cancel refund guide","I need help receiving my item order but can't find how cancel it or request refund."
"1-LDA","LDA","1","banking77","receive item order want cancel refund guide","I'm confused about the exchange rate when moving money from one bank app. Can you explain?"""
"1-LDA","LDA","1","banking77","receive item order want cancel refund guide","wanting assistance with charging a bank statement via direct deposit - need help understanding any associated costs looking into using my credit/debit card on PayPal – concerned about extra fees or charges"
"1-LDA","LDA","1","banking77","receive item order want cancel refund guide","need to make a bank transfer, can you help me with the process? other topics related words include transaction fees exchange rate using my debit or credit cards for online purchases."
"1-LDA","LDA","1","banking77","receive item order want cancel refund guide","recently received incorrect amount charged, need guidance regarding possible refunds or recharges for the transaction."
"1-LDA","LDA","1","banking77","receive item order want cancel refund guide","seeking advice on handling situations where we might need to add funds into one of the shared credit cards and then use them for mutual expenses."
"1-LDA","LDA","1","banking77","receive item order want cancel refund guide","recently attempted to make online purchases with our shared credit cards but encountered extra fees; need guidance on how we might avoid this moving forward."
"1-LDA","LDA","1","banking77","receive item order want cancel refund guide","wished to understand more clearly if there are additional fees that may apply during a direct bank transfer between our accounts."
"1-LDA","LDA","1","banking77","receive item order want cancel refund guide","seeking assistance in understanding the fee structure associated with recurring monthly direct deposits into one of our joint accounts."
"1-LDA","LDA","1","banking77","receive item order want cancel refund guide","recently noticed some discrepancies in the online banking statements; seeking help with identifying possible errors related to transactions made using our joint cards."
"1-LDA","LDA","1","banking77","receive item order want cancel refund guide","looking up information on how best practices can be implemented for managing shared expenses and ensuring all charges are accounted correctly."
"1-LDA","LDA","1","banking77","receive item order want cancel refund guide","received order need cancel refund process instructions"
"1-LDA","LDA","1","banking77","receive item order want cancel refund guide","I want to understand how I can get a charge removed from my account."
"1-LDA","LDA","1","banking77","receive item order want cancel refund guide","I'm confused about the extra fee on this payment, who should cover it?"
"1-LDA","LDA","1","banking77","receive item order want cancel refund guide","My card is being charged but I'm not sure why. Can you explain? Help me resolve an issue with money transfer between accounts."
"1-LDA","LDA","1","banking77","receive item order want cancel refund guide","How do we go through another transaction using our cards and avoid any additional fees?"
"1-LDA","LDA","1","banking77","receive item order want cancel refund guide","I need assistance in reversing a charge from my account, can someone guide us on how to proceed?"
"1-LDA","LDA","1","banking77","receive item order want cancel refund guide","What is the correct procedure for refunding excess charges made by mistake?"" ""I'm looking into why I was charged twice. How should this be resolved with your help? We want our money back."
"1-LDA","LDA","1","banking77","receive item order want cancel refund guide","Can you tell me about exchange rates and fees when transferring funds from my card?"
"1-LDA","LDA","1","banking77","receive item order want cancel refund guide","I've been overcharged, can we get a full or partial refund on the transaction made yesterday?"
"1-LDA","LDA","1","banking77","receive item order want cancel refund guide","My bank is asking for an extra fee. Can someone explain why this happened?"" ""I'm confused by how to resolve issues with money transfers between accounts."
"1-LDA","LDA","1","banking77","receive item order want cancel refund guide","How do I request assistance in getting charged back from my account?"
"1-LDA","LDA","1","banking77","receive item order want cancel refund guide","I'm trying to figure out how the payment process works with cards."
"1-LDA","LDA","1","banking77","receive item order want cancel refund guide","Can I get some advice if my money is being held up in processing?"
"1-LDA","LDA","1","banking77","receive item order want cancel refund guide","How does the process work for getting my money back from incorrect transactions?"
"1-LDA","LDA","1","banking77","receive item order want cancel refund guide","Can someone explain why there are extra fees when using my card for purchases?"
"1-LDA","LDA","1","banking77","receive item order want cancel refund guide","I need help with understanding the fee structure and possible refunds from transactions. Can you assist us?"
"1-LDA","LDA","1","banking77","receive item order want cancel refund guide","My transaction was declined, can we get it reversed or refunded? I want to understand how this works."" ""I'm confused about receiving money transfers between accounts."
"1-LDA","LDA","1","banking77","receive item order want cancel refund guide","How do banks handle extra fees on card payments"
"1-LDA","LDA","1","banking77","receive item order want cancel refund guide","received order need cancel guide refund process"
"1-LDA","LDA","1","banking77","receive item order want cancel refund guide","I want to know how I can get a charge removed from my account."
"1-LDA","LDA","1","banking77","receive item order want cancel refund guide","My card was charged and I'm not sure why, what should be done?"
"1-LDA","LDA","1","banking77","receive item order want cancel refund guide","I'm looking for instructions on getting money back after an unwanted purchase. Can you help with the seller's policy?"
"1-LDA","LDA","1","banking77","receive item order want cancel refund guide","How do we go about refunding this transaction? I've been billed incorrectly."
"1-LDA","LDA","1","banking77","receive item order want cancel refund guide","I need assistance in understanding how to get a charge removed from my account."
"1-LDA","LDA","1","banking77","receive item order want cancel refund guide","What steps can I take if I'm charged extra fees unexpectedly?"
"1-LDA","LDA","1","banking77","receive item order want cancel refund guide","I'm trying out your payment system and want guidance on getting refunded. Can you help?"
"1-LDA","LDA","1","banking77","receive item order want cancel refund guide","How do we handle the refund process for an incorrect purchase? I've been billed."
"1-LDA","LDA","1","banking77","receive item order want cancel refund guide","I've received this order but need to cancel it, how should that be done?"
"1-LDA","LDA","1","banking77","receive item order want cancel refund guide","What can I expect if my transaction gets rejected by a card company?"
"1-LDA","LDA","1","banking77","receive item order want cancel refund guide","I'm looking into ways of reversing charges on our joint account. Any advice?"
"1-LDA","LDA","1","banking77","receive item order want cancel refund guide","How do we get refunded for an item we've never used? What are the steps involved with this seller's policy."
"1-LDA","LDA","1","banking77","receive item order want cancel refund guide","I've been charged and need to know how long it will take before I can have my money back."
"1-LDA","LDA","1","banking77","receive item order want cancel refund guide","What should be done if a charge appears on our card without authorization?"
"1-LDA","LDA","1","banking77","receive item order want cancel refund guide","I'm curious about what happens when there's extra fee added during payment. How do we resolve that?"" ""How does the refund process work for an incorrect purchase? What are your guidelines?"
"1-LDA","LDA","1","banking77","receive item order want cancel refund guide","I've been charged and I'm looking to understand how I can get my money back."
"1-LDA","LDA","1","banking77","receive item order want cancel refund guide","What if a charge is disputed, who should be contacted first?"
"1-LDA","LDA","1","banking77","receive item order want cancel refund guide","I'm concerned about charges appearing on our account without prior notice. How do we proceed with getting refunded?"" ""How long does it usually take for an item refund after the seller's request?"
"1-LDA","LDA","1","banking77","receive item order want cancel refund guide","I've been charged and need to know how I can dispute this."
"1-LDA","LDA","1","banking77","receive item order want cancel refund guide","What if there's a mistake in my transaction, who should be contacted first?"
"1-LDA","LDA","1","banking77","receive item order want cancel refund guide","What if a charge appears on our account without prior notice, who should be contacted first?"
"1-LDA","LDA","1","banking77","receive item order want cancel refund guide","I'm looking into ways of reversing charges from my card. Can you provide guidance?"" ""How do we get refunded for an item we've never used? What are the steps involved with"
"1-LDA","LDA","1","banking77","receive item order want cancel refund guide","need help with charging my credit/debit/ATM cards get declined possible solutions for this issue"
"1-LDA","LDA","1","banking77","receive item order want cancel refund guide","payment processing time frame how long does it take to transfer funds between accounts or pay via app?"
"1-LDA","LDA","1","banking77","receive item order want cancel refund guide","charge need assistance resolving a past due balance on our bank statement from last month? How can I settle an outstanding bill now"
"1-LDA","LDA","1","banking77","receive item order want cancel refund guide","how do i go about making extra fees when using my credit card for purchases, and what are the typical charges involved in such transactions"
"1-LDA","LDA","1","banking77","receive item order want cancel refund guide","looking to make additional payments towards accrued interest or penalties - how does this process work with your online banking system?"
"1-LDA","LDA","1","banking77","receive item order want cancel refund guide","need assistance understanding exchange rates on international transfers between bank accounts"
"1-LDA","LDA","1","banking77","receive item order want cancel refund guide","wants guidance regarding chargeback procedures if a transaction was made using my card but not for authorized purchases. How can I initiate one?"
"1-LDA","LDA","1","banking77","receive item order want cancel refund guide","looking to understand the fees associated when making an ATM withdrawal or transfer of funds from checking account."
"1-LDA","LDA","1","banking77","receive item order want cancel refund guide","how do i use online banking app, and what are some common issues that might arise while trying?"
"1-LDA","LDA","1","banking77","receive item order want cancel refund guide","need help understanding how transactions work on credit/debit cards in terms receiving payments for goods/services"
"1-LDA","LDA","1","banking77","receive item order want cancel refund guide","wants assistance with setting up recurring charges to automatically pay bills through their bank's mobile application"
"1-LDA","LDA","1","banking77","receive item order want cancel refund guide","looking into the possibility of using a new card from my account, and need information about any associated fees or changes that might occur during this process."
"1-LDA","LDA","1","banking77","receive item order want cancel refund guide","need help understanding how funds are transferred between accounts in our banking system. Can you explain debit vs credit transfers?"
"1-LDA","LDA","1","banking77","receive item order want cancel refund guide","wants to know if there is an option for setting up automatic payments through their bank's online portal"
"1-LDA","LDA","1","banking77","receive item order want cancel refund guide","looking into the possibility of making a direct deposit from my employer, and need guidance on what documents or information I should provide."
"1-LDA","LDA","1","banking77","receive item order want cancel refund guide","need help understanding how international money transfer works between different currencies. What are some common fees involved?"
"1-LDA","LDA","1","banking77","receive item order want cancel refund guide","wants to know if there is an option for setting up recurring payments with their bank's online portal"
"1-LDA","LDA","1","banking77","receive item order want cancel refund guide","need help understanding how transfers work between different accounts in our banking system. Can you explain debit vs credit transactions?"
"1-LDA","LDA","1","banking77","receive item order want cancel refund guide","need to understand how a bank charges fees on transactions, can you explain it?"
"1-LDA","LDA","1","banking77","receive item order want cancel refund guide","how do I deposit funds into my checking or savings using an ATM and what are the associated costs?"
"1-LDA","LDA","1","banking77","receive item order want cancel refund guide","can we transfer credit from one of our accounts directly onto another? is there any additional charge for this service at your branch"
"1-LDA","LDA","1","banking77","receive item order want cancel refund guide","what's involved in making a payment through mobile banking app, can you guide me?"
"1-LDA","LDA","1","banking77","receive item order want cancel refund guide","is it possible to request my bank card be debited by an amount I specify and when do these transactions usually go via the system?"
"1-LDA","LDA","1","banking77","receive item order want cancel refund guide","how does one initiate their first deposit or withdrawal using ATMs provided at our local branch?"
"1-LDA","LDA","1","banking77","receive item order want cancel refund guide","can we set up a recurring payment from checking account directly into savings for bills?"
"1-LDA","LDA","1","banking77","receive item order want cancel refund guide","what are some ways to get notified about my card's activity, such as charges and deposits through an app notification service ???"
"1-LDA","LDA","1","banking77","receive item order want cancel refund guide","how can I report if I've been charged twice or receive the wrong amount on any of our transactions?"
"1-LDA","LDA","1","banking77","receive item order want cancel refund guide","can you explain how foreign currency exchange rates work when making a purchase with another country's credit/debit cards?"
"1-LDA","LDA","1","banking77","receive item order want cancel refund guide","is there support available for couples who jointly manage their bank accounts and need to understand fee structures?"
"1-LDA","LDA","1","banking77","receive item order want cancel refund guide","how do I go about setting up direct deposit from my employer's account into mine through the banking system?"
"1-LDA","LDA","1","banking77","receive item order want cancel refund guide","can you guide me on how we can link our joint checking with a savings or investment fund?"
"1-LDA","LDA","1","banking77","receive item order want cancel refund guide","what steps should be taken if there's an error in receiving funds, like being charged less than what was due?"
"1-LDA","LDA","1","banking77","receive item order want cancel refund guide","how do I go about setting up automatic bill payments from my bank account to ensure timely payment of utilities and services?"
"1-LDA","LDA","1","banking77","receive item order want cancel refund guide","is there any way for me as the primary cardholder or joint owner with a spouse on our credit/debit cards?"
"1-LDA","LDA","1","banking77","receive item order want cancel refund guide","can you provide guidance if I've lost access because I'm unable pay using an ATM withdrawal, what are next steps?"
"1-LDA","LDA","1","banking77","receive item order want cancel refund guide","how do I report suspicious activity such fee discrepancies that appear in my online banking statements?"
"1-LDA","LDA","1","banking77","receive item order want cancel refund guide","is there any way to check the status of transactions or transfers made from our bank account through their website?"
"1-LDA","LDA","1","banking77","receive item order want cancel refund guide","can you assist with setting up a new card for someone who has recently been added as an authorized user on your credit/debit cards?"
"1-LDA","LDA","1","banking77","receive item order want cancel refund guide","how do I go about closing my unused checking and savings accounts, what are any associated fees?"
"1-LDA","LDA","1","banking77","receive item order want cancel refund guide","is there support available if I'm having trouble"
"1-LDA","LDA","1","banking77","receive item order want cancel refund guide","I need help with cancelling a charge on my account."
"1-LDA","LDA","1","banking77","receive item order want cancel refund guide","I'm trying to understand how the exchange rate affects transferring money from one card and getting an extra fee back into mine. Can you explain?"
"1-LDA","LDA","1","banking77","receive item order want cancel refund guide","My bank charged me yesterday, but I didn't use it yet; can we reverse that transaction now? It's been over 24 hours since then."
"1-LDA","LDA","1","banking77","receive item order want cancel refund guide","I'd like some assistance with linking my credit/debit cards to our account for a payment today."
"1-LDA","LDA","1","banking77","receive item order want cancel refund guide","Is there any way the charge from last week on this card will go away if it's still not active?"
"1-LDA","LDA","1","banking77","receive item order want cancel refund guide","I'm curious about how long it takes before I can actually use money after transferring at an ATM. Can you tell me more?"
"1-LDA","LDA","1","banking77","receive item order want cancel refund guide","I've been charged twice by mistake, and I'd like to know what steps we need take for a refund."
"1-LDA","LDA","1","banking77","receive item order want cancel refund guide","Is there any way my partner's card could be linked with mine so that our purchases are combined?"
"1-LDA","LDA","1","banking77","receive item order want cancel refund guide","I'm confused about the extra fee I was hit when making an online payment through this app. Can you explain why?"
"1-LDA","LDA","1","banking77","receive item order want cancel refund guide","I'd love some guidance on how to use money from another account for a direct purchase."
"1-LDA","LDA","1","banking77","receive item order want cancel refund guide","Is it possible we can reverse my last transaction if it's still in process? It's been hours now."
"1-LDA","LDA","1","banking77","receive item order want cancel refund guide","I'm having trouble understanding the fee that appears when I transfer funds between cards; could someone help me with this?"
"1-LDA","LDA","1","banking77","receive item order want cancel refund guide","I want assistance using an app on our phone to make payments. Can you guide us through setting up a card?"
"1-LDA","LDA","1","banking77","receive item order want cancel refund guide","Can we withdraw cash from my account today, and how will it affect other transactions I've scheduled for later in the day?"
"1-LDA","LDA","1","banking77","receive item order want cancel refund guide","charge need fee ago on my account, possible ways without visiting the branch can you assist me with that today or tomorrow at least please help resolve a payment problem I'm having right now"
"1-LDA","LDA","1","banking77","receive item order want cancel refund guide","how do I transfer money from one card to another and what are some of your best practices for ensuring security during this process? received item order but want cancel refund guide before proceeding any advice?"
"1-LDA","LDA","1","banking77","receive item order want cancel refund guide","can we tell my bank about an unauthorized charge on the account or is there someone else who can help me with a potential fraud issue here at once I need assistance"
"1-LDA","LDA","1","banking77","receive item order want cancel refund guide","need to understand how exchange rates work when making payments, especially for international transactions. received item order but want cancel refund guide before proceeding any advice?"
"1-LDA","LDA","1","banking77","receive item order want cancel refund guide","charge couple money card go extra fee payment use seller in the app? Can you provide some guidance on handling these fees and ensuring a smooth transaction experience today or tomorrow at least please help resolve my issue"
"1-LDA","LDA","1","banking77","receive item order want cancel refund guide","how do I withdraw cash from an ATM using another person's bank account details, is that possible here immediately with your assistance?"
"1-LDA","LDA","1","banking77","receive item order want cancel refund guide","can we transfer money to this card directly through the app? received item order but want cancel refund guide before proceeding any advice you can offer me today or tomorrow at least please help resolve my issue"
"1-LDA","LDA","1","banking77","receive item order want cancel refund guide","is there a way for us as customers of our bank services like checking account balances and making payments online right now, with your assistance?"
"1-LDA","LDA","1","banking77","receive item order want cancel refund guide","need to understand how I should proceed if there is a problem when making payments through our bank's app, and"
"1-LDA","LDA","1","banking77","receive item order want cancel refund guide","I need help with cancelling a charge on my account."" --- ""It seems there's an extra fee I didn't expect. Can you assist me?"
"1-LDA","LDA","1","banking77","receive item order want cancel refund guide","My card was declined, and I'm not sure why the payment failed today at checkout."" ... ""...how do we go about getting money from our joint bank accounts?"
"3-LDA","LDA","3","banking77","mug lose access account app","card charged extra fee unexpectedly money account couple helped me recover charge on card"
"3-LDA","LDA","3","banking77","mug lose access account app","unable complete funds withdrawal due ATM fee"
"3-LDA","LDA","3","banking77","mug lose access account app","mug lose access bank account app"
"3-LDA","LDA","3","banking77","mug lose access account app","I need help with my lost banking credentials."
"3-LDA","LDA","3","banking77","mug lose access account app","My card was charged an extra fee at the ATM today, can you assist?"
"3-LDA","LDA","3","banking77","mug lose access account app","It seems like I can't log into our online payment portal. Any advice would be appreciated!"
"3-LDA","LDA","3","banking77","mug lose access account app","I'm having trouble making a purchase directly through PayPal; any suggestions for alternative methods of transaction?"
"3-LDA","LDA","3","banking77","mug lose access account app","Can someone guide me on how to receive my bank transfer successfully after multiple failed attempts?"
"3-LDA","LDA","3","banking77","mug lose access account app","I accidentally charged too much last time, is there an option available now?"
"3-LDA","LDA","3","banking77","mug lose access account app","My card isn't working at the ATM. Can you help with a withdrawal process instead?"
"3-LDA","LDA","3","banking77","mug lose access account app","I'm confused about PayPal's exchange rate; can I get some clarification on this matter?"
"3-LDA","LDA","3","banking77","mug lose access account app","How do we handle refunds for online purchases directly through our bank account?"
"3-LDA","LDA","3","banking77","mug lose access account app","I want to know if it's possible and how long it takes before my card gets charged back."
"3-LDA","LDA","3","banking77","mug lose access account app","My husband wants me not being able connect his credit cards, is there a way?"
"3-LDA","LDA","3","banking77","mug lose access account app","I'm facing issues with transferring money from the app; can you assist?"
"3-LDA","LDA","3","banking77","mug lose access account app","Is PayPal currently accepting new transactions or should I try another method?"
"3-LDA","LDA","3","banking77","mug lose access account app","I tried to use this service but my card got declined. Can we troubleshoot it together?"
"3-LDA","LDA","3","banking77","mug lose access account app","My bank account isn't syncing properly, any tips on how fix?"
"3-LDA","LDA","3","banking77","mug lose access account app","I'm curious about setting up a direct payment for an online purchase."
"3-LDA","LDA","3","banking77","mug lose access account app","Is there anything wrong with the way I'm using PayPal right now?"
"3-LDA","LDA","3","banking77","mug lose access account app","I accidentally charged too much and need to correct this immediately."
"3-LDA","LDA","3","banking77","mug lose access account app","charge account late fee possible app payment issue refund delay help needed"
"3-LDA","LDA","3","banking77","mug lose access account app","need assistance with bank card charge extra fees"
"3-LDA","LDA","3","banking77","mug lose access account app","request to cancel credit purchase due date pass transaction error resolution required urgent attention please assist me in this matter."
"3-LDA","LDA","3","banking77","mug lose access account app","unable retrieve funds from online banking app experiencing issues transferring money between accounts. bank account linked incorrectly showing wrong balance need immediate correction and help"
"3-LDA","LDA","3","banking77","mug lose access account app","customer support needed for incorrect ATM withdrawal amount received"
"3-LDA","LDA","3","banking77","mug lose access account app","payment not processed through mobile wallet service assistance requested due to transaction failure."
"3-LDA","LDA","3","banking77","mug lose access account app","account locked after multiple failed login attempts, require urgent customer verification."
"3-LDA","LDA","3","banking77","mug lose access account app","unable complete online banking transfer request receiving error message please provide further instructions. need help understanding bank charges on recent credit card statement"
"3-LDA","LDA","3","banking77","mug lose access account app","request for clarification regarding unexpected fees charged by financial institution"
"3-LDA","LDA","3","banking77","mug lose access account app","payment not going through mobile payment app experiencing difficulties with transaction completion."
"3-LDA","LDA","3","banking77","mug lose access account app","concerned about unauthorized transactions detected in my account, need to report and resolve immediately."
"3-LDA","LDA","3","banking77","mug lose access account app","unable withdraw cash from ATM due date expired please advise on next steps. account overdrawn notice received needing immediate action for balance restoration"
"3-LDA","LDA","3","banking77","mug lose access account app","transaction declined by bank alerting me of insufficient funds available"
"3-LDA","LDA","3","banking77","mug lose access account app","request assistance with linking new credit card details in online banking app experiencing technical difficulties."
"3-LDA","LDA","3","banking77","mug lose access account app","unresolved charge dispute between my financial institution and third-party vendor, need to escalate the issue."
"3-LDA","LDA","3","banking77","mug lose access account app","unable complete mobile payment due date has passed please advise on next steps. customer service needed for failed bank transfer attempt from debit account"
"3-LDA","LDA","3","banking77","mug lose access account app","payment processing error encountered during online banking session"
"3-LDA","LDA","3","banking77","mug lose access account app","concerned about potential fraud detected in my credit card transactions requiring immediate investigation and action."
"3-LDA","LDA","3","banking77","mug lose access account app","need assistance with reconciling discrepancies between checking accounts balances as reported by mobile app versus website."
"3-LDA","LDA","3","banking77","mug lose access account app","unable complete transaction due to expired bank routing number, please provide updated information. bank statement showing incorrect charges for the month of April needing clarification"
"3-LDA","LDA","3","banking77","mug lose access account app","request help in resolving recurring payment issue that is not completing through online banking platform"
"3-LDA","LDA","3","banking77","mug lose access account app","unresolved balance inquiry with financial institution after recent deposit failure."
"3-LDA","LDA","3","banking77","mug lose access account app","need assistance understanding fees associated to international transactions on my bank account."
"3-LDA","LDA","3","banking77","mug lose access account app","unable complete credit card transaction due date has passed, please advise next steps. concerned about potential security breach in mobile payment app receiving multiple failed attempts"
"3-LDA","LDA","3","banking77","mug lose access account app","request for help with setting up online banking password recovery process"
"3-LDA","LDA","3","banking77","mug lose access account app","unresolved issue regarding unauthorized debit from checking/credit account requiring"
"3-LDA","LDA","3","banking77","mug lose access account app","ATM withdrawal issues card not working bank branch visit for cash needs or deposit services alternative payment methods mug lost access app unable"
"3-LDA","LDA","3","banking77","mug lose access account app","need help with online banking transaction issues today"
"3-LDA","LDA","3","banking77","mug lose access account app","charge extra fee on card payment not aware of previous transactions in the month can you explain?"
"3-LDA","LDA","3","banking77","mug lose access account app","my credit union charges a monthly maintenance fund I don't understand why, please clarify."
"3-LDA","LDA","3","banking77","mug lose access account app","card is blocked due to an incorrect PIN attempt how do we unblock it?"
"3-LDA","LDA","3","banking77","mug lose access account app","can i pay my bill using another bank's app instead? I'm having trouble with mine"
"3-LDA","LDA","3","banking77","mug lose access account app","wanting advice on the best interest rates for savings accounts available now"
"3-LDA","LDA","3","banking77","mug lose access account app","how can you assist me in setting up a direct deposit from checking account?"
"3-LDA","LDA","3","banking77","mug lose access account app","unable to complete online payment due an error message, need assistance please."
"3-LDA","LDA","3","banking77","mug lose access account app","my debit card is not working at ATMs what should I do next"
"3-LDA","LDA","3","banking77","mug lose access account app","can we review my monthly bank charges and see if there are any unnecessary fees being applied"
"3-LDA","LDA","3","banking77","mug lose access account app","how can i check the status of a wire transfer sent from our account?"
"3-LDA","LDA","3","banking77","mug lose access account app","wants to know how long it takes for an international money order delivery via post office please."
"3-LDA","LDA","3","banking77","mug lose access account app","looking into setting up automatic payments through online banking"
"3-LDA","LDA","3","banking77","mug lose access account app","my bank notified me about potential fraud on my card, what are next steps?"
"3-LDA","LDA","3","banking77","mug lose access account app","need assistance with understanding the fees associated wiith wire transfers from checking account"
"3-LDA","LDA","3","banking77","mug lose access account app","wants to set a limit for daily debit transactions using their mobile app"
"3-LDA","LDA","3","banking77","mug lose access account app","I need assistance with my online money transfer; it's not going as planned and I'm stuck here!"
"3-LDA","LDA","3","banking77","mug lose access account app","I've been having trouble with my card when attempting online purchases; any suggestions?"
"3-LDA","LDA","3","banking77","mug lose access account app","I need help resolving a payment issue with my card when trying online purchases or ATM withdrawals. What should I do?"
"3-LDA","LDA","3","banking77","mug lose access account app","I've been charged a fee when trying money transfer services through my phone. Why is this?"
"3-LDA","LDA","3","banking77","mug lose access account app","I'm having trouble with online payment methods on different platforms; any help would be appreciated."" ""Is there an additional charge for using credit cards in the app? I'm confused about it."
"3-LDA","LDA","3","banking77","mug lose access account app","charge fee account money card go extra cost payment use seller need charge my bank app for credit purchase help couple receive want to transfer funds from phone number using a third-party service need assistance with transaction today"
"3-LDA","LDA","3","banking77","mug lose access account app","go extra fee when charging account money through my bank app is there a way to avoid these additional costs? need help with understanding payment terms for using credit card at seller's establishment today"
"3-LDA","LDA","3","banking77","mug lose access account app","need assistance in transferring funds from an ATM into another person's card number what are the steps involved and do I require any special permissions?"
"3-LDA","LDA","3","banking77","mug lose access account app","unable charge due old expired information on my account can you guide me through updating it to proceed? transaction not completed because of incorrect or insufficient balance please advise how we might resolve this issue"
"3-LDA","LDA","3","banking77","mug lose access account app","want assistance with setting up a direct payment method for buying an item from seller using their app, what are the steps involved?"
"3-LDA","LDA","3","banking77","mug lose access account app","need help with understanding terms and conditions related a payment when purchasing directly from seller using their app, any tips?"
"3-LDA","LDA","3","banking77","mug lose access account app","card cannot be charged for unknown reasons what steps should I take next?"
"3-LDA","LDA","3","banking77","mug lose access account app","need help with setting up a direct payment method using seller's app, what's the process for transferring funds from ATM?"
"3-LDA","LDA","3","banking77","mug lose access account app","card cannot be charged due old expired information on my account can you guide me through updating it to proceed? transaction not completed because of incorrect or insufficient balance please advise how we might resolve this issue"
"3-LDA","LDA","3","banking77","mug lose access account app","need assistance with understanding terms and conditions related a payment when purchasing directly using seller's app, any tips?"
"3-LDA","LDA","3","banking77","mug lose access account app","unable charge for unknown reasons what steps should I take next?"
"3-LDA","LDA","3","banking77","mug lose access account app","unable charge card as it's showing old expired information what should I"
"3-LDA","LDA","3","banking77","mug lose access account app","I'm having trouble logging into our joint bank account; can you"
"3-LDA","LDA","3","banking77","mug lose access account app","mug unable to connect banking app"
"3-LDA","LDA","3","banking77","mug lose access account app","sudden charge on account without my consent money owed extra fee card payment dispute help needed quick resolution with bank immediately please assist me in resolving this issue."
"3-LDA","LDA","3","banking77","mug lose access account app","need assistance recovering lost access credit history online purchase made using a friend's name how can I correct it?"
"3-LDA","LDA","3","banking77","mug lose access account app","card not working as expected when trying to make an ATM withdrawal, need immediate support and possible replacement or refund for the faulty card"
"3-LDA","LDA","3","banking77","mug lose access account app","solders' account linked with my bank now they charge extra fees whenever i use their services what should be done about this situation please advise."
"3-LDA","LDA","3","banking77","mug lose access account app","my debit transaction was declined at checkout despite having sufficient funds in balance how can I resolve it?"
"3-LDA","LDA","3","banking77","mug lose access account app","wants to set up a direct payment link between our company accounts for faster transfers and avoid any additional charges"
"3-LDA","LDA","3","banking77","mug lose access account app","I am concerned that my card has been compromised, need immediate assistance with security measures or possible chargeback on recent transactions."
"3-LDA","LDA","3","banking77","mug lose access account app","customer service unable access account linked via online banking app how can I get help?"
"3-LDA","LDA","3","banking77","mug lose access account app","requesting a refund due to incorrect transaction amount charged by the bank last week for an ATM withdrawal"
"3-LDA","LDA","3","banking77","mug lose access account app","solders' credit card has been blocked, need guidance and assistance in getting it unblocked as soon we tried making purchases recently."
"3-LDA","LDA","3","banking77","mug lose access account app","need clarification on recent unexplained charges appearing under my account statement received from our local branch please help me resolve this issue immediately?"
"3-LDA","LDA","3","banking77","mug lose access account app","customer service not able to access online banking app due a technical glitch what steps should I take next for immediate resolution"
"3-LDA","LDA","3","banking77","mug lose access account app","I am facing issues with the bank's website blocking transactions, need assistance in understanding why and how can we get it resolved quickly."
"3-LDA","LDA","3","banking77","mug lose access account app","requesting information on recent transaction history as there seems be discrepancies between my statement records received from online banking app vs. physical copies provided by our local branch office please assist me"
"3-LDA","LDA","3","banking77","mug lose access account app","customer service unable to access account due suspected fraudulent activity, need immediate assistance in securing the compromised bank accounts and resolving this issue."
"3-LDA","LDA","3","banking77","mug lose access account app","wants help understanding recent unexplained fees charged on their credit card bill what steps can be taken for resolution?"
"3-LDA","LDA","3","banking77","mug lose access account app","I am having trouble with my online banking app as it keeps asking me multiple times to re-enter password despite entering correct credentials, please assist in regaining access"
"3-LDA","LDA","3","banking77","mug lose access account app","customer service unable provide assistance due technical issues faced while trying connect via mobile application need immediate help resolving this issue."
"3-LDA","LDA","3","banking77","mug lose access account app","requesting clarification on recent unexplained fees charged by bank and possible reasons for such"
"3-LDA","LDA","3","banking77","mug lose access account app","charge account money card extra fee payment use seller app lose access charge need pay go wrong tell buyer refund rate purchase buy item direct app transfer issue day credit possible couple help receive bank transaction failed withdraw correct"
"3-LDA","LDA","3","banking77","mug lose access account app","need assist paying extra money on"
"3-LDA","LDA","3","banking77","mug lose access account app","user experiencing trouble linking debit and savings accounts trying direct deposit setup failed attempted multiple times no success needing guidance using app connect cards directly withdraw cash from account"
"3-LDA","LDA","3","banking77","mug lose access account app","soldier trying direct payment method using app unable see my funds transfer from checking account successfully transferred money directly saved on card but can't find it in online banking statement"
"3-LDA","LDA","3","banking77","mug lose access account app","unable to use credit/debit cards interchangeably experiencing issues with charge fees when making purchases not able link bank statements and savings accounts together for a seamless financial experience assistance needed."
"3-LDA","LDA","3","banking77","mug lose access account app","soldier unable see my transactions appear between checking account debit balance saving money transfers directly from card back into same or different linked banks statement showing discrepancies need help resolving"
"3-LDA","LDA","3","banking77","mug lose access account app","attempting to use credit/debit cards interchangeably but facing issues with go extra fee merchant charge not seeing funds transferred correctly in bank statements online banking app experiencing difficulties linking savings and check accounts for direct deposit."
"3-LDA","LDA","3","banking77","mug lose access account app","soldier unable see transactions appear between checking account debit balance using my card as a primary payment method need assistance resolving the issue of transfers appearing on credit statement instead"
"3-LDA","LDA","3","banking77","mug lose access account app","unable to make purchases with saved money due directly from linked cards seeing incorrect charges go extra fee merchant service customer support required help linking savings and check accounts for direct deposit."
"3-LDA","LDA","3","banking77","mug lose access account app","soldier experiencing issues making payments online using debit card unable see funds transferred correctly between checking account saving balance bank statements showing discrepancies need assistance resolving the issue"
"3-LDA","LDA","3","banking77","mug lose access account app","soldiers facing difficulties with their credit/debit cards not properly linked to financial app leading go extra fee merchant charges inability transfer money directly from savings or check accounts back into primary banking statement."
"3-LDA","LDA","3","banking77","mug lose access account app","soldier experiencing issues when attempting direct deposit transactions online using debit card unable see funds appear in checking account bank statements showing discrepancies need assistance resolving the issue"
"3-LDA","LDA","3","banking77","mug lose access account app","unable make purchases with saved credit/debit cards facing go extra fee merchant charges not able to transfer money directly from savings or check accounts into primary banking statement."
"3-LDA","LDA","3","banking77","mug lose access account app","soldier experiencing issues when attempting direct deposit transactions online using debit card unable see funds appear in checking account bank statements"
"3-LDA","LDA","3","banking77","mug lose access account app","payment system not recognizing card details during transfer rate exchange encountered issue while trying to use my money account online help needed immediately what are possible solutions if the problem persists?"
"3-LDA","LDA","3","banking77","mug lose access account app","card not working with my account balance check needed to understand why there is no connectivity between the online platform I'm using right now. Could you assist me in getting access back or fixing this issue?"
"3-LDA","LDA","3","banking77","mug lose access account app","unable use credit/debit cards on mobile app, need help understanding if there's a fee associated and how I can resolve it immediately? Also interested advice about direct payment options available through my banking application."
"3-LDA","LDA","3","banking77","mug lose access account app","attempted transaction failed due not being able pull funds from credit account and need immediate support what are my options? Also interested in understanding if there's a fee associated when using external payment service to make purchases."
"3-LDA","LDA","3","banking77","mug lose access account app","attempted to charge my account but received a notification about extra fees involved what are possible solutions? Need assistance navigating payment service or alternative methods of making purchases directly with credit card online banking app support required immediately"
"3-LDA","LDA","3","banking77","mug lose access account app","transaction failed due not being able pull funds from money bank, need help understanding why this is happening and how I can resolve it. Also interested in direct purchasing options available through my mobile application."
"3-LDA","LDA","3","banking77","mug lose access account app","unable to use the 'pay now' feature on seller's platform encountered an error"
"1-MATAVE","MATAVE","1","banking77","exchange rate change process make withdrawal","bank holiday impact on scheduled payments foreign currency conversion fees clarification needed rate fluctuation during peak hours explained"
"1-MATAVE","MATAVE","1","banking77","exchange rate change process make withdrawal","transaction limit adjustment due to maintenance work"
"1-MATAVE","MATAVE","1","banking77","exchange rate change process make withdrawal","electronic funds management system update completed successfully"
"1-MATAVE","MATAVE","1","banking77","exchange rate change process make withdrawal","overdraft protection activation steps outlined"
"1-MATAVE","MATAVE","1","banking77","exchange rate change process make withdrawal","multi-currency account balance reconciliation procedure updated"
"1-MATAVE","MATAVE","1","banking77","exchange rate change process make withdrawal","/ ATM withdrawal limits in different countries clarified"
"1-MATAVE","MATAVE","1","banking77","exchange rate change process make withdrawal","wire transfer security measures enhanced for overseas transactions cross-border payment settlement times provided"
"1-MATAVE","MATAVE","1","banking77","exchange rate change process make withdrawal","rate lock-in option available during exchange rate volatility"
"1-MATAVE","MATAVE","1","banking77","exchange rate change process make withdrawal","exchange control regulations affecting international transfers explained foreign currency loan repayment schedule adjusted due to rates change"
"1-MATAVE","MATAVE","1","banking77","exchange rate change process make withdrawal","currency hedging strategies introduced by the bank"
"1-MATAVE","MATAVE","1","banking77","exchange rate change process make withdrawal","international wire transaction processing speed improved"
"1-MATAVE","MATAVE","1","banking77","exchange rate change process make withdrawal","customer support contact information updated in case of urgent issues with overseas accounts cross-border e-commerce payment gateway integration completed"
"1-MATAVE","MATAVE","1","banking77","exchange rate change process make withdrawal","dynamic pricing model for foreign exchange services implemented"
"1-MATAVE","MATAVE","1","banking77","exchange rate change process make withdrawal","rate lock-in period extended during high volatility periods foreign currency investment account opening process described"
"1-MATAVE","MATAVE","1","banking77","exchange rate change process make withdrawal","exchange rate alerts set up to notify customers on significant changes international remittance charges breakdown provided"
"1-MATAVE","MATAVE","1","banking77","exchange rate change process make withdrawal","currency conversion rates displayed in real-time at point of sale"
"1-MATAVE","MATAVE","1","banking77","exchange rate change process make withdrawal","multi-currency payroll processing system features overview given"
"1-MATAVE","MATAVE","1","banking77","exchange rate change process make withdrawal","global banking network partnership announcement released"
"1-MATAVE","MATAVE","1","banking77","exchange rate change process make withdrawal","remotely accessed bank branch services launched for overseas clients cross-border lending interest calculation explained"
"1-MATAVE","MATAVE","1","banking77","exchange rate change process make withdrawal","foreign exchange transaction fee structure detailed"
"1-MATAVE","MATAVE","1","banking77","exchange rate change process make withdrawal","exchange rate forecasting tool introduced to assist with planning"
"1-MATAVE","MATAVE","1","banking77","exchange rate change process make withdrawal","international funds transfer charges comparison requested by customer multinational corporation's currency management policy reviewed"
"1-MATAVE","MATAVE","1","banking77","exchange rate change process make withdrawal","/ online bill pay service availability in foreign countries confirmed"
"1-MATAVE","MATAVE","1","banking77","exchange rate change process make withdrawal","dynamic routing of international payments based on real-time rates"
"1-MATAVE","MATAVE","1","banking77","exchange rate change process make withdrawal","rate change notification system for customers' global accounts implemented"
"1-MATAVE","MATAVE","1","banking77","exchange rate change process make withdrawal","foreign exchange trading account eligibility criteria detailed"
"1-MATAVE","MATAVE","1","banking77","exchange rate change process make withdrawal","cross-border investment opportunities and risks highlighted"
"1-MATAVE","MATAVE","1","banking77","exchange rate change process make withdrawal","currency swap agreement terms explained to client multi-currency loan processing times discussed"
"1-MATAVE","MATAVE","1","banking77","exchange rate change process make withdrawal","/ overseas direct deposit setup instructions provided by bank international wire transfer error resolution process described"
"1-MATAVE","MATAVE","1","banking77","exchange rate change process make withdrawal","exchange rate impact on foreign currency denominated loans analyzed"
"1-MATAVE","MATAVE","1","banking77","exchange rate change process make withdrawal","customer inquiry about cross-jurisdictional ACH network services answered"
"1-MATAVE","MATAVE","1","banking77","exchange rate change process make withdrawal","foreign exchange derivatives offered for hedging against volatility explained"
"1-MATAVE","MATAVE","1","banking77","exchange rate change process make withdrawal","cross-border payment service fees transparency initiative launched"
"1-MATAVE","MATAVE","1","banking77","exchange rate change process make withdrawal","multi-currency savings account benefits and features advertised"
"1-MATAVE","MATAVE","1","banking77","exchange rate change process make withdrawal","currency conversion charges during international travel clarified"
"1-MATAVE","MATAVE","1","banking77","exchange rate change process make withdrawal","multinational company’s global payroll system overview given"
"1-MATAVE","MATAVE","1","banking77","exchange rate change process make withdrawal","/ rate change impact on foreign currency denominated loans discussed"
"1-MATAVE","MATAVE","1","banking77","exchange rate change process make withdrawal","electronic funds transfer (EFT) to overseas accounts detailed"
"1-MATAVE","MATAVE","1","banking77","exchange rate change process make withdrawal","foreign exchange market trends affecting banking operations analyzed"
"1-MATAVE","MATAVE","1","banking77","exchange rate change process make withdrawal","international wire payment processing times provided for different regions customer complaint about delayed cross-border transaction resolved"
"1-MATAVE","MATAVE","1","banking77","exchange rate change process make withdrawal","process involved in activating foreign bank accounts through mobile banking app step-by-step instructions for enabling two-factor authentication during currency exchange rate change how to request assistance on how-to activate virtual card service while abroad guidebook required upon activation of new customer services at overseas branches electronic form submission process: requesting a wire transfer from another country via email steps involved in activating an international money order feature online"
"1-MATAVE","MATAVE","1","banking77","exchange rate change process make withdrawal","how can i efficiently transfer money from my checking account abroad for exchange rate benefits?""."
"1-MATAVE","MATAVE","1","banking77","exchange rate change process make withdrawal","managing a withdrawal during an ATM error 13.""steps to take if you encounter issues while trying make international wire transfers."" 14,""what should one know about withdrawing funds in different currencies due forex changes"" 15"". guide: how do I withdraw cash at the bank and get foreign currency?"
"1-MATAVE","MATAVE","1","banking77","exchange rate change process make withdrawal","how can i effectively manage my withdrawals when dealing with multiple exchange rates?""."
"1-MATAVE","MATAVE","1","banking77","exchange rate change process make withdrawal","understanding your account's withdrawal limits 18.""steps to take if you encounter issues while trying make international wire transfers."" 19,""what should one know about withdrawing funds in different currencies due forex changes"" 20"". guide: how do I withdraw cash at the bank and get foreign currency?"
"1-MATAVE","MATAVE","1","banking77","exchange rate change process make withdrawal","understanding withdrawal fees 23.""steps to take if you encounter issues while trying make international wire transfers."" 24,""what should one know about withdrawing funds in different currencies due forex changes"" 25"". guide: how do I withdraw cash at the bank and get foreign currency?"
"1-MATAVE","MATAVE","1","banking77","exchange rate change process make withdrawal","understanding withdrawal minimums 28.""steps to take if you encounter issues while trying make international wire transfers."" 29,""what should one know about withdrawing funds in different currencies due forex changes"" 30"". guide: how do I withdraw cash at the bank and get foreign currency?"
"1-MATAVE","MATAVE","1","banking77","exchange rate change process make withdrawal","understanding your account's withdrawal limits 33.""steps to take if you encounter issues while trying make international wire transfers."" 34,""what should one know about withdrawing funds in different currencies due forex changes"" 35"". guide: how do I withdraw cash at the bank and get foreign currency?"
"1-MATAVE","MATAVE","1","banking77","exchange rate change process make withdrawal","exchange rate fluctuation during transfer account balance inquiry process on bank statement withdrawal transaction completion confirmation message bank account freeze due to suspicious activity alert"
"1-MATAVE","MATAVE","1","banking77","exchange rate change process make withdrawal","currency conversion rates for international transactions displayed in the app settings menu foreign currency deposit limit notification sent via SMS"
"1-MATAVE","MATAVE","1","banking77","exchange rate change process make withdrawal","ATM withdrawal limits exceeded error prompt received at machine screen cash advance approval status check required by mobile banking application overdraft protection activation procedure initiated after exceeding credit line account reconciliation process to match bank statement with personal records"
"1-MATAVE","MATAVE","1","banking77","exchange rate change process make withdrawal","online bill pay setup guide for new users of the financial service provider remittance transfer instructions provided upon account creation completion wire transfers between accounts facilitated through online portal"
"1-MATAVE","MATAVE","1","banking77","exchange rate change process make withdrawal","cross-border payment security measures explained in terms and conditions during sign-up transaction fee disclosure included when setting up a direct deposit feature overdraft notification received after multiple failed withdrawal attempts at an ATM"
"1-MATAVE","MATAVE","1","banking77","exchange rate change process make withdrawal","international money order purchase steps detailed on the banking website customer service contact information for foreign exchange inquiries available through customer portal"
"1-MATAVE","MATAVE","1","banking77","exchange rate change process make withdrawal","multi-currency checking account features highlighted in promotional materials distributed to existing customers reminder email sent before end of day balance reaches zero"
"1-MATAVE","MATAVE","1","banking77","exchange rate change process make withdrawal","exchange rate change process make deposit"" 2.""account balance update mechanism execute transfer"" 3.""foreign currency conversion protocol initiate withdrawal."
"1-MATAVE","MATAVE","1","banking77","exchange rate change process make withdrawal","4"".international money order procedure carry out payment."" 5""..rate adjustment method apply for exchange services"". 6..""currency fluctuation tracking system manage funds movement""."
"1-MATAVE","MATAVE","1","banking77","exchange rate change process make withdrawal","transfer fee calculation step engage in transaction."
"1-MATAVE","MATAVE","1","banking77","exchange rate change process make withdrawal","cross-border payments process facilitate deposit activity"" 9""...multi-currency account management execute transfer"" 10.""exchange rate change notification service provide update."
"1-MATAVE","MATAVE","1","banking77","exchange rate change process make withdrawal","11"".wire transfers processing mechanism enable payment execution."" 12""..foreign exchange handling protocol initiate withdrawal"". 13..""rate adjustment feature for currency conversion activate""."
"1-MATAVE","MATAVE","1","banking77","exchange rate change process make withdrawal","online banking transaction security measure implement."
"1-MATAVE","MATAVE","1","banking77","exchange rate change process make withdrawal","currency fluctuation alert system notify about changes"" 16""...cross-border remittance process facilitate transfer"" 17.""exchange rate change notification service provide update."
"1-MATAVE","MATAVE","1","banking77","exchange rate change process make withdrawal","18"".international wire transfers processing mechanism enable payment execution."" 19""..multi-currency account management execute withdrawal"". 20..""rate adjustment feature for currency conversion activate""."
"1-MATAVE","MATAVE","1","banking77","exchange rate change process make withdrawal","currency fluctuation tracking system manage funds movement"" 23""...cross-border remittance process facilitate deposit"" 24.""exchange rate change notification service provide update."
"1-MATAVE","MATAVE","1","banking77","exchange rate change process make withdrawal","25"".wire transfers processing mechanism enable payment execution."" 26""..multi-currency account management execute transfer"". 27..""rate adjustment feature for currency conversion activate""."
"1-MATAVE","MATAVE","1","banking77","exchange rate change process make withdrawal","currency fluctuation tracking system manage funds movement"" 30""...cross-border remittance process facilitate withdrawal"" 31.""exchange rate change notification service provide update."
"1-MATAVE","MATAVE","1","banking77","exchange rate change process make withdrawal","32"".wire transfers processing mechanism enable payment execution."" 33""..multi-currency account management execute deposit"". 34..""rate adjustment feature for currency conversion activate""."
"1-MATAVE","MATAVE","1","banking77","exchange rate change process make withdrawal","currency fluctuation tracking system manage funds movement"" 37""...cross-border remittance process facilitate exchange rate change notification"" 38.""exchange rates update service provide real-time information."" 39""..multi-currency account management execute transfer"". 40..""rate adjustment feature for currency conversion activate""."
"1-MATAVE","MATAVE","1","banking77","exchange rate change process make withdrawal","currency fluctuation tracking system manage funds movement"" 43""...cross-border remittance process facilitate rate change notification"" 44.""exchange rates update service provide real-time information."" 45""..wire transfers processing mechanism enable payment execution"". 46..""multi-currency account management execute withdrawal""."
"1-MATAVE","MATAVE","1","banking77","exchange rate change process make withdrawal","Exchange rate fluctuation during currency conversion make deposit Other topics: pin virtual disposable morning machine steal twice american express keep, able abroad access accurate action activate activation activity actually advise Interest calculation on savings account transfer process for funds withdrawal"
"1-MATAVE","MATAVE","1","banking77","exchange rate change process make withdrawal","International wire service fee notification before executing cross-border payment transaction ATM card balance inquiry prompt to initiate cash disbursement at bank branch Other topics: rate foreign affairs saturday actual hide electronic mess determine post, able abroad access accurate action activate activation activity actually advise Overdraft limit adjustment request prior initiating account debit operation"
"1-MATAVE","MATAVE","1","banking77","exchange rate change process make withdrawal","Currency exchange service fee details provided before executing overseas remittance Foreign currency deposit receipt issuance upon making international funds transfer in local bank branch Other topics: pin virtual disposable morning machine steal twice american express keep, able abroad access accurate action activate activation activity actually advise Wire Transfer initiation process for cross-border money movement with associated fees"
"1-MATAVE","MATAVE","1","banking77","exchange rate change process make withdrawal","Currency conversion rate update before executing foreign exchange transaction Funds repatriation procedure to restore domestic currency balance after overseas account withdrawal Other topics: pin virtual disposable morning machine steal twice american express keep, able abroad access accurate action activate activation activity actually advise Foreign bank correspondent relationship establishment for facilitating international payments and remittances"
"1-MATAVE","MATAVE","1","banking77","exchange rate change process make withdrawal","Exchange rate quotation service before initiating foreign exchange transaction Direct deposit setup process to automatically credit funds into checking or savings account from overseas income sources Other topics: pin virtual disposable morning machine steal twice american express keep, able abroad access accurate action activate activation activity actually advise Foreign currency loan application for purchasing goods/services in a non-native country"
"1-MATAVE","MATAVE","1","banking77","exchange rate change process make withdrawal","Currency conversion service fee disclosure before executing foreign exchange transaction Cross-border money transfer compliance checks to ensure adherence with anti-money laundering regulations Other topics: rate international affairs saturday actual hide electronic mess determine post, able abroad access accurate action activate activation activity actually advise International bank account reconciliation process for tracking overseas transactions and balances"
"1-MATAVE","MATAVE","1","banking77","exchange rate change process make withdrawal","Exchange rates provided during currency conversion before executing foreign exchange transaction Foreign investment portfolio management service to monitor cross-border financial assets performance in different currencies Other topics: pin virtual disposable morning machine steal twice american express keep, able abroad access accurate action activate activation activity actually advise Cross-currency settlement services for reconciling transactions involving multiple international banks"
"1-MATAVE","MATAVE","1","banking77","exchange rate change process make withdrawal","Currency conversion rate update before executing foreign exchange transaction International trade finance support including letters of credit and bank guarantees to facilitate overseas payments Other topics: pin virtual disposable morning machine steal twice american express keep, able abroad access accurate action activate activation activity actually advise Forex trading platform offering currency pairs for speculative or hedging"
"1-MATAVE","MATAVE","1","banking77","exchange rate change process make withdrawal","exchange rate fluctuation process for funds transfer banking account balance check procedure after deposit"
"1-MATAVE","MATAVE","1","banking77","exchange rate change process make withdrawal","adjustment of interest rates on savings accounts quarterly update automatic currency conversion feature during international transactions"
"1-MATAVE","MATAVE","1","banking77","exchange rate change process make withdrawal","implement new security measures to prevent unauthorized access"
"1-MATAVE","MATAVE","1","banking77","exchange rate change process make withdrawal","transaction limit increase due policy change customer service call center availability expansion online banking platform upgrade completion notification"
"1-MATAVE","MATAVE","1","banking77","exchange rate change process make withdrawal","ATM withdrawal limits for foreign currencies set at $500 daily"
"1-MATAVE","MATAVE","1","banking77","exchange rate change process make withdrawal","enhanced fraud detection system activated on account statements"
"1-MATAVE","MATAVE","1","banking77","exchange rate change process make withdrawal","deposit slip error resolution process cross-border payment processing time frame clarified"
"1-MATAVE","MATAVE","1","banking77","exchange rate change process make withdrawal","foreign currency exchange rate lock-in option offered"
"1-MATAVE","MATAVE","1","banking77","exchange rate change process make withdrawal","personal identification number (PIN) verification requirement account statement generation timeline provided upon request"
"1-MATAVE","MATAVE","1","banking77","exchange rate change process make withdrawal","customer alert for unusual activity detected in bank accounts"
"1-MATAVE","MATAVE","1","banking77","exchange rate change process make withdrawal","banking app mobile deposit feature introduced"
"1-MATAVE","MATAVE","1","banking77","exchange rate change process make withdrawal","overdraft protection plan options explained to customers"
"1-MATAVE","MATAVE","1","banking77","exchange rate change process make withdrawal","loan interest rates adjustment based on prime lending benchmark"
"1-MATAVE","MATAVE","1","banking77","exchange rate change process make withdrawal","foreign currency transaction fees detailed explanation given"
"1-MATAVE","MATAVE","1","banking77","exchange rate change process make withdrawal","ATM maintenance schedule communicated ahead of time cash withdrawal limits during peak hours enforced"
"1-MATAVE","MATAVE","1","banking77","exchange rate change process make withdrawal","cross-border wire transfer service enhancement announced"
"1-MATAVE","MATAVE","1","banking77","exchange rate change process make withdrawal","account reconciliation process streamlined for efficiency"
"1-MATAVE","MATAVE","1","banking77","exchange rate change process make withdrawal","deposit return policy update international remittance services expanded to new countries"
"1-MATAVE","MATAVE","1","banking77","exchange rate change process make withdrawal","customer support hotline available in multiple languages"
"1-MATAVE","MATAVE","1","banking77","exchange rate change process make withdrawal","online banking login security improved with two-factor authentication"
"1-MATAVE","MATAVE","1","banking77","exchange rate change process make withdrawal","foreign currency exchange rate displayed on check ATM card replacement procedure outlined"
"1-MATAVE","MATAVE","1","banking77","exchange rate change process make withdrawal","personal loan interest rates recalculated due market conditions"
"1-MATAVE","MATAVE","1","banking77","exchange rate change process make withdrawal","cross-border e-commerce payment processing fee structure revised"
"1-MATAVE","MATAVE","1","banking77","exchange rate change process make withdrawal","account closure process for inactive accounts explained"
"1-MATAVE","MATAVE","1","banking77","exchange rate change process make withdrawal","exchange of funds between different currencies cash withdrawal limit during holidays specified"
"1-MATAVE","MATAVE","1","banking77","exchange rate change process make withdrawal","banking app notifications set to user preferences"
"1-MATAVE","MATAVE","1","banking77","exchange rate change process make withdrawal","foreign currency conversion rate displayed on ATM screen ATM card suspension notice sent prior authorization"
"1-MATAVE","MATAVE","1","banking77","exchange rate change process make withdrawal","suspension period due diligence completed before account deactivation"
"1-MATAVE","MATAVE","1","banking77","exchange rate change process make withdrawal","loan repayment schedule adjusted for early settlement"
"1-MATAVE","MATAVE","1","banking77","exchange rate change process make withdrawal","cross-border trade financing services offered"
"1-MATAVE","MATAVE","1","banking77","exchange rate change process make withdrawal","cash withdrawal limits during non-business hours specified"
"1-MATAVE","MATAVE","1","banking77","exchange rate change process make withdrawal","banking app push notification settings explained"
"1-MATAVE","MATAVE","1","banking77","exchange rate change process make withdrawal","exchange rate fluctuation impact on loan repayments foreign currency transaction fees disclosed upon service initiation"
"1-MATAVE","MATAVE","1","banking77","exchange rate change process make withdrawal","ATM cash dispensing speed improvement reported withdrawal limit increased to $1,000 for premium account holders"
"1-MATAVE","MATAVE","1","banking77","exchange rate change process make withdrawal","cross-border payment gateway integration with new partner bank"
"1-MATAVE","MATAVE","1","banking77","exchange rate change process make withdrawal","account reconciliation process updated due regulatory changes"
"1-MATAVE","MATAVE","1","banking77","exchange rate change process make withdrawal","banking app notification settings customization options available"
"1-MATAVE","MATAVE","1","banking77","exchange rate change process make withdrawal","cash withdrawal limits during local holidays communicated"
"1-MATAVE","MATAVE","1","banking77","exchange rate change process make withdrawal","foreign currency exchange rate posted on online banking portal"
"1-MATAVE","MATAVE","1","banking77","exchange rate change process make withdrawal","ATM card replacement fee disclosure withdrawal limit increase for international travelers announced"
"1-MATAVE","MATAVE","1","banking77","exchange rate change process make withdrawal","cross-border payment processing service extended to new regions"
"1-MATAVE","MATAVE","1","banking77","exchange rate change process make withdrawal","currency conversion procedure for international transactions"
"1-MATAVE","MATAVE","1","banking77","exchange rate change process make withdrawal","scheduling a transfer from overseas accounts on Friday evening 4.process to obtain foreign cash at the bank branch office 5.instructions manual: using an ATM abroad with limited funds limitations"
"1-MATAVE","MATAVE","1","banking77","exchange rate change process make withdrawal","step-by-step guide in handling cross-border money transfers securely"
"1-MATAVE","MATAVE","1","banking77","exchange rate change process make withdrawal","techniques and best practices when dealing directly or indirectly via correspondent banks for large currency exchanges"
"1-MATAVE","MATAVE","1","banking77","exchange rate change process make withdrawal","patent process involved while making a payment through American Express internationally 9.determining the most accurate exchange rate available before executing any transaction overseas 10.instructions on how to hide electronic transactions from being traced by unauthorized parties"
"1-MATAVE","MATAVE","1","banking77","exchange rate change process make withdrawal","guidelines and procedures in place when dealing with international wire transfers 12.tips for ensuring accuracy during currency conversion abroad"
"1-MATAVE","MATAVE","1","banking77","exchange rate change process make withdrawal","patent process involved while making a payment through American Express internationally 14.determining the most accurate exchange rate available before executing any transaction overseas 15.instructions on how to hide electronic transactions from being traced by unauthorized parties"
"1-MATAVE","MATAVE","1","banking77","exchange rate change process make withdrawal","patent process involved while making a payment through American Express internationally 18.determining the most accurate exchange rate available before executing any transaction overseas 19.instructions on how to hide electronic transactions from being traced by unauthorized parties"
"1-MATAVE","MATAVE","1","banking77","exchange rate change process make withdrawal","exchange rate fluctuation for currency conversion banking transaction fee disclosure during withdrawal process"
"1-MATAVE","MATAVE","1","banking77","exchange rate change process make withdrawal","account balance inquiry procedure in local branch office foreign exchange compliance regulation adherence"
"1-MATAVE","MATAVE","1","banking77","exchange rate change process make withdrawal","deposit slip completion requirement before check cash-out service at bank counter"
"1-MATAVE","MATAVE","1","banking77","exchange rate change process make withdrawal","cross-border transfer validation steps to ensure successful funds movement abroad"
"1-MATAVE","MATAVE","1","banking77","exchange rate change process make withdrawal","ATM card activation instructions when encountering an error message while withdrawing money customer account verification for international wire transfers"
"1-MATAVE","MATAVE","1","banking77","exchange rate change process make withdrawal","guide on how banks determine foreign currency rates and apply them during transactions"
"1-MATAVE","MATAVE","1","banking77","exchange rate change process make withdrawal","tips: understanding the hidden fees associated with electronic fund withdrawals from overseas accounts"
"1-MATAVE","MATAVE","1","banking77","exchange rate change process make withdrawal","process of reporting lost or stolen debit/credit cards to prevent unauthorized use in other countries steps involved when requesting a duplicate check at your bank branch exchange rate change notification for travelers converting cash while abroad"
"1-MATAVE","MATAVE","1","banking77","exchange rate change process make withdrawal","guidelines on how banks activate international wire transfer services"
"1-MATAVE","MATAVE","1","banking77","exchange rate change process make withdrawal","how foreign currency exchange rates are determined and applied during online banking transactions"
"1-MATAVE","MATAVE","1","banking77","exchange rate change process make withdrawal","customer support contact details if experiencing issues with ATM withdrawal in another country instructions to obtain a replacement checkbook when the original is lost or stolen foreign transaction fee disclosure for credit card users traveling internationally"
"1-MATAVE","MATAVE","1","banking77","exchange rate change process make withdrawal","step-by-step guide on how banks handle requests from customers who want their money sent abroad"
"1-MATAVE","MATAVE","1","banking77","exchange rate change process make withdrawal","explain foreign exchange rate determination process during international wire transfers at your bank Please note that these sentences are fictional and created to fit the context of banking operations, specifically around currency exchanges or transactions related topics. The actual processes may vary depending upon specific financial institutions' policies."
"1-MATAVE","MATAVE","1","banking77","exchange rate change process make withdrawal","exchange rate fluctuation procedure initiate transfer"
"1-MATAVE","MATAVE","1","banking77","exchange rate change process make withdrawal","foreign currency conversion mechanism execute transaction."
"1-MATAVE","MATAVE","1","banking77","exchange rate change process make withdrawal","banking account balance inquiry process commence withdrawal"". 4."". exchange control adjustment during deposit activity."" 5"". international money order dispatch system activation"". 6 "". cross-border payment validation sequence start. 7 . global remittance tracking feature engage for funds movement"
"1-MATAVE","MATAVE","1","banking77","exchange rate change process make withdrawal","currency fluctuation notification protocol activate upon rate change"
"1-MATAVE","MATAVE","1","banking77","exchange rate change process make withdrawal","multi-currency support integration enable transaction process."" 10""cross border transfer security enhancement during fund exchange."" 11"". international wire services usage guidelines review before executing payments"". 12 "". currency conversion compliance verification mandatory prior to transactions. 13 . cross-border e-commerce payment gateway setup and activation"
"1-MATAVE","MATAVE","1","banking77","exchange rate change process make withdrawal","foreign account reconciliation procedure for balance checks"
"1-MATAVE","MATAVE","1","banking77","exchange rate change process make withdrawal","multi-currency deposit handling feature enable user support."" 16""exchange rate alert system trigger on significant fluctuation."" 17"". foreign exchange transaction history retrieval process initiate"". 18 "". currency conversion error resolution mechanism engage. 19 . cross-border funds transfer security protocol enforce during transactions"
"1-MATAVE","MATAVE","1","banking77","exchange rate change process make withdrawal","international banking wire service integration with local bank for seamless transfers."
"1-MATAVE","MATAVE","1","banking77","exchange rate change process make withdrawal","cross border payment authorization and validation steps"
"1-MATAVE","MATAVE","1","banking77","exchange rate change process make withdrawal","international remittance tracking system enable user to monitor fund movement."" 3"". exchange rate fluctuation notification process initiate upon significant change. 4"".. multi-currency support in online transaction platform activation""."
"1-MATAVE","MATAVE","1","banking77","exchange rate change process make withdrawal","foreign currency conversion compliance verification mandatory prior processing transactions"" 6 . cross-border e-commerce gateway integration with local bank for secure payments"
"1-MATAVE","MATAVE","1","banking77","exchange rate change process make withdrawal","international money transfer security protocol enforce during fund movement."" 8"". exchange rate fluctuation notification system alert user upon significant change. 9 .. multi-currency support feature enable seamless transaction experience in online banking platform""."
"1-MATAVE","MATAVE","1","banking77","exchange rate change process make withdrawal","cross border payment tracking and reconciliation process streamline transactions"" 11 . currency conversion compliance verification mandatory prior to processing payments"
"1-MATAVE","MATAVE","1","banking77","exchange rate change process make withdrawal","cross-border funds transfer security protocol enforce during fund movement."" 13"". international wire service integration with local bank for secure transfers. 14 .. multi-currency support feature enable seamless transaction experience in online banking platform""."
"1-MATAVE","MATAVE","1","banking77","exchange rate change process make withdrawal","cross border payment tracking and reconciliation process streamline transactions"" 16 . currency conversion compliance verification mandatory prior to processing payments"
"1-MATAVE","MATAVE","1","banking77","exchange rate change process make withdrawal","cross-border funds transfer security protocol enforce during fund movement."" 18"". international wire service integration with local bank for secure transfers. 19 .. multi-currency support feature enable seamless transaction experience in online banking platform""."
"1-MATAVE","MATAVE","1","banking77","exchange rate change process make withdrawal","cross border payment tracking and reconciliation process streamline transactions."
"1-MATAVE","MATAVE","1","banking77","exchange rate change process make withdrawal","cross-border payment processing issues resolved successfully "" 6..""international wire transfers compliance guidelines updated"
"1-MATAVE","MATAVE","1","banking77","exchange rate change process make withdrawal","implementing multi-currency support in banking systems 8...foreign exchange rate lock-in services offered 9."
"1-MATAVE","MATAVE","1","banking77","exchange rate change process make withdrawal","rate fluctuation impact on global trade finance 10.""currency conversion error during online transfer"
"1-MATAVE","MATAVE","1","banking77","exchange rate change process make withdrawal","cross-border payment delay due to regulatory checks "" 12..""exchange control approval for large transactions"
"1-MATAVE","MATAVE","1","banking77","exchange rate change process make withdrawal","implementing currency risk management strategies in banking 14...foreign exchange rate change notification system 15."
"1-MATAVE","MATAVE","1","banking77","exchange rate change process make withdrawal","rate adjustment procedure after international transaction 16 .""international wire transfers fee structure explained 17.""currency conversion error during online transfer"
"1-MATAVE","MATAVE","1","banking77","exchange rate change process make withdrawal","cross-border payment delay due to regulatory checks "" 19..""exchange control approval for large transactions"
"1-MATAVE","MATAVE","1","banking77","exchange rate change process make withdrawal","implementing currency risk management strategies in banking 21...foreign exchange rate lock-in services offered 22."
"1-MATAVE","MATAVE","1","banking77","exchange rate change process make withdrawal","rate fluctuation impact on global trade finance 23.""currency conversion adjustment during peak hours"
"1-MATAVE","MATAVE","1","banking77","exchange rate change process make withdrawal","cross-border payment processing issues resolved successfully "" 25..""exchange control limit transfer funds"
"1-MATAVE","MATAVE","1","banking77","exchange rate change process make withdrawal","1""...bank account freezing due to suspicious activity"
"1-MATAVE","MATAVE","1","banking77","exchange rate change process make withdrawal","implementing anti-money laundering measures in banking systems 3."
"1-MATAVE","MATAVE","1","banking77","exchange rate change process make withdrawal","rate fluctuation impact on global trade finance 4.""currency conversion error during online transaction"
"1-MATAVE","MATAVE","1","banking77","exchange rate change process make withdrawal","cross-border payment delay because of compliance checks "" 6..""exchange control approval for large transactions 7...foreign exchange rate lock-in services offered"
"1-MATAVE","MATAVE","1","banking77","exchange rate change process make withdrawal","implementing currency risk management strategies in banking 9."
"1-MATAVE","MATAVE","1","banking77","exchange rate change process make withdrawal","rate adjustment procedure after international wire transfer 10.""currency conversion error during cross-platform transaction"
"1-MATAVE","MATAVE","1","banking77","exchange rate change process make withdrawal","cross-border payment processing issues resolved successfully "" 12..""exchange control limit on daily transactions 13...foreign exchange rate change notification system 14....""bank account freezing due to suspicious activity"
"1-MATAVE","MATAVE","1","banking77","exchange rate change process make withdrawal","implementing anti-money laundering measures in banking systems 16.""currency conversion adjustment for high-value transfers"" 17."
"1-MATAVE","MATAVE","1","banking77","exchange rate change process make withdrawal","rate fluctuation impact of geopolitical events 18..""cross-border payment delay because currency limits reached"
"1-MATAVE","MATAVE","1","banking77","exchange rate change process make withdrawal","exchange control approval required before large transactions 20...foreign exchange rate lock-in services offered"
"1-MATAVE","MATAVE","1","banking77","exchange rate change process make withdrawal","implementing multi-currency support in banking systems 22.""currency conversion error during international wire transfer"" 23."
"1-MATAVE","MATAVE","1","banking77","exchange rate change process make withdrawal","rate adjustment procedure after foreign transaction 24..""cross-border payment"
"1-MATAVE","MATAVE","1","banking77","exchange rate change process make withdrawal","exchange rate change process make deposit"" 2.""account transfer protocol execute international wire"" 3.""currency conversion mechanism initiate withdrawal request."" 4""interbank settlement system facilitate fund movement."" 5:""cross-border payment procedure establish connection"". 6: transfer authorization workflow activate transaction"". 7:"
"1-MATAVE","MATAVE","1","banking77","exchange rate change process make withdrawal","exchange control compliance verify account status."
"1-MATAVE","MATAVE","1","banking77","exchange rate change process make withdrawal","exchange rate change process make balance inquiry"" 9.""international remittance tracking follow money flow"" 10.""currency fluctuation monitoring alert set threshold"". 11: cross-currency conversion error resolve discrepancy."" 12:""foreign currency adjustment procedure update rates"". 13: wire transfer completion confirmation receive notification"". 14.: exchange control compliance report generate."
"1-MATAVE","MATAVE","1","banking77","exchange rate change process make withdrawal","exchange rate change process verify account limit"" 16.""international funds routing validate destination bank"" 17.""currency fluctuation impact assessment on portfolio"". 18: cross-currency conversion error correct amount discrepancy."" 19:""foreign currency revaluation update system"". 20: wire transfer completion confirmation receive notification"". 21.: exchange control compliance report generate."
"1-MATAVE","MATAVE","1","banking77","exchange rate change process make withdrawal","exchange rate change process initiate reconciliation"" 23.""cross-border payment tracking monitor transaction status"" 24.""currency fluctuation analysis on historical data"". 25: cross-currency conversion error correct amount discrepancy."
"1-MATAVE","MATAVE","1","banking77","exchange rate change process make withdrawal","1:""account opening procedure request documentation"". 2: international wire transfer setup guide."" 3:"
"1-MATAVE","MATAVE","1","banking77","exchange rate change process make withdrawal","currency exchange service activation."
"1-MATAVE","MATAVE","1","banking77","exchange rate change process make withdrawal","transaction limit verification before withdrawal"" 5.""cross-border payment tracking monitor transaction status"". 6.""currency fluctuation analysis on historical data"". 7: cross-currency conversion error correct amount discrepancy."" 8:""exchange rate change process verify account balance"". 9: wire transfer completion confirmation receive notification"" 10.: exchange control compliance report generate."
"1-MATAVE","MATAVE","1","banking77","exchange rate change process make withdrawal","account closure procedure initiate finalization"" 12.""cross-border payment tracking monitor transaction status"". 13.""currency fluctuation impact assessment on portfolio"". 14: cross-currency conversion error correct amount discrepancy."" 15:""exchange rate change process verify account limit"". 16: wire transfer completion confirmation receive notification"" 17.: exchange control compliance report generate."
"1-MATAVE","MATAVE","1","banking77","exchange rate change process make withdrawal","account opening procedure request documentation"" 19.""cross-border payment tracking monitor transaction status"". 20.""currency fluctuation analysis on historical data"". 21: cross-currency conversion error correct amount discrepancy."" 22:""exchange rate change process verify account balance"". 23: wire transfer completion confirmation receive notification"" 24.: exchange control compliance report generate."
"1-MATAVE","MATAVE","1","banking77","exchange rate change process make withdrawal","account closure procedure initiate finalization"
"1-MATAVE","MATAVE","1","banking77","exchange rate change process make withdrawal","exchange rate change process for international transfers account verification required before funds withdrawal"
"1-MATAVE","MATAVE","1","banking77","exchange rate change process make withdrawal","deposit limits in place during exchange rates adjustment period transaction fees may apply when converting currencies on weekends guidelines to follow if the bank is closed due a national holiday or weekend"
"1-MATAVE","MATAVE","1","banking77","exchange rate change process make withdrawal","steps involved after receiving an alert about potential fraud activities while withdrawing money"
"1-MATAVE","MATAVE","1","banking77","exchange rate change process make withdrawal","accurate currency conversion rate displayed at ATM for foreign transactions"
"1-MATAVE","MATAVE","1","banking77","exchange rate change process make withdrawal","reminders set up before closing time of overseas branches regarding last day withdrawals"
"1-MATAVE","MATAVE","1","banking77","exchange rate change process make withdrawal","instructions on how your PIN works with virtual disposable morning machines in the banking app details to report a stolen American Express card"
"1-MATAVE","MATAVE","1","banking77","exchange rate change process make withdrawal","how double-checking account security can prevent unauthorized access"
"1-MATAVE","MATAVE","1","banking77","exchange rate change process make withdrawal","tips: always keep personal information private when using online services best practices for monitoring suspicious activity after making an electronic transaction"
"1-MATAVE","MATAVE","1","banking77","exchange rate change process make withdrawal","account lock feature triggered if incorrect PIN entered multiple times, how it works"
"1-MATAVE","MATAVE","1","banking77","exchange rate change process make withdrawal","reminder about the importance of keeping your financial details safe while shopping"
"1-MATAVE","MATAVE","1","banking77","exchange rate change process make withdrawal","guidelines on what to do in case you suspect identity theft or account misuse"
"1-MATAVE","MATAVE","1","banking77","exchange rate change process make withdrawal","support available through American Express helpline for card-related issues"
"1-MATAVE","MATAVE","1","banking77","exchange rate change process make withdrawal","how exchange rates are determined and impact withdrawals from foreign accounts accessing accurate currency conversion tools online before traveling abroad"
"1-MATAVE","MATAVE","1","banking77","exchange rate change process make withdrawal","steps involved when activating a new bank service related with your ATM"
"1-MATAVE","MATAVE","1","banking77","exchange rate change process make withdrawal","guidelines on how to ensure the accuracy of electronic transactions while withdrawing cash"
"1-MATAVE","MATAVE","1","banking77","exchange rate change process make withdrawal","tips: always double-check account balance after making an international withdrawal"
"1-MATAVE","MATAVE","1","banking77","exchange rate change process make withdrawal","how banks protect against fraud during high-volume transaction periods like weekends reminders about correct PIN usage for secure withdrawals from ATMs and online banking"
"1-MATAVE","MATAVE","1","banking77","exchange rate change process make withdrawal","steps involved in recovering a lost or stolen bank card"
"1-MATAVE","MATAVE","1","banking77","exchange rate change process make withdrawal","information on how to contact your financial institution if you suspect fraudulent activity"
"1-MATAVE","MATAVE","1","banking77","exchange rate change process make withdrawal","importance of regularly updating personal information with the relevant authorities"
"1-MATAVE","MATAVE","1","banking77","exchange rate change process make withdrawal","guidelines provided by banks regarding changes during peak hours, such as weekends reminders about keeping track while withdrawing money from multiple accounts"
"1-MATAVE","MATAVE","1","banking77","exchange rate change process make withdrawal","instructions for setting up transaction alerts and notifications"
"1-MATAVE","MATAVE","1","banking77","exchange rate change process make withdrawal","steps involved in disputing a charge on your account due to incorrect exchange rates"
"1-MATAVE","MATAVE","1","banking77","exchange rate change process make withdrawal","how foreign transactions are handled differently compared with domestic ones"
"1-MATAVE","MATAVE","1","banking77","exchange rate change process make withdrawal","information provided by banks regarding the availability of ATMs during weekends reminders about keeping ATM card details secure while withdrawing cash"
"1-MATAVE","MATAVE","1","banking77","exchange rate change process make withdrawal","guidelines for reporting lost or stolen bank cards"
"1-MATAVE","MATAVE","1","banking77","exchange rate change process make withdrawal","steps involved in setting up online banking accounts after a holiday period"
"1-MATAVE","MATAVE","1","banking77","exchange rate change process make withdrawal","tips: always verify transaction amounts before confirming withdrawal"
"1-MATAVE","MATAVE","1","banking77","exchange rate change process make withdrawal","how to use your virtual disposable morning machine securely and efficiently"
"1-MATAVE","MATAVE","1","banking77","exchange rate change process make withdrawal","information provided by banks regarding changes during peak hours, such"
"1-MATAVE","MATAVE","1","banking77","exchange rate change process make withdrawal","account verification required for international transfer Other topics may include various subjects. topic keyword examples: - enable bank card online security feature check-in fastlane purchase order fulfillment ensure timely delivery customer satisfaction analysis product launch event planning digital marketing strategy development social media engagement metrics tracking competitive landscape assessment market research methodology implementation brand awareness campaign evaluation"
"1-MATAVE","MATAVE","1","banking77","exchange rate change process make withdrawal","exchange rate change process for international transfer account verification required before funds withdrawal"
"1-MATAVE","MATAVE","1","banking77","exchange rate change process make withdrawal","foreign currency conversion available at local branch on Friday accurate exchange rates displayed in real-time during transactions activation of new account linked to bank card needed immediately after opening service"
"1-MATAVE","MATAVE","1","banking77","exchange rate change process make withdrawal","deposit transaction completed successfully with updated balance confirmation"
"1-MATAVE","MATAVE","1","banking77","exchange rate change process make withdrawal","automatic teller machine (ATM) out-of-service notice for maintenance period requesting a cash advance from the checking deposit"
"1-MATAVE","MATAVE","1","banking77","exchange rate change process make withdrawal","electronic funds transfer scheduled at 2 PM today processing international wire request, please provide necessary details soon account activity log available upon providing account number and PIN"
"1-MATAVE","MATAVE","1","banking77","exchange rate change process make withdrawal","deposit slip generation online with secure login capabilities"
"1-MATAVE","MATAVE","1","banking77","exchange rate change process make withdrawal","foreign currency exchange rates displayed on ATM screens in multiple languages"
"1-MATAVE","MATAVE","1","banking77","exchange rate change process make withdrawal","requesting a loan from the savings to checking deposit"
"1-MATAVE","MATAVE","1","banking77","exchange rate change process make withdrawal","updating personal information linked for your credit card electronic bill pay set up using direct debit authorization activation of new mobile banking app available now online statement download link provided after successful login attempt"
"1-MATAVE","MATAVE","1","banking77","exchange rate change process make withdrawal","overdraft protection setup initiated on recent transaction activity"
"1-MATAVE","MATAVE","1","banking77","exchange rate change process make withdrawal","transaction limit increase request submitted, awaiting approval process"
"1-MATAVE","MATAVE","1","banking77","exchange rate change process make withdrawal","requesting a stop payment order"
"1-MATAVE","MATAVE","1","banking77","exchange rate change process make withdrawal","account reconciliation completed with updated ledger entries foreign currency withdrawal from checking account subject to current exchange rate activation of fraud alert for suspicious activities detected in your profile setting up recurring payments via online banking portal"
"1-MATAVE","MATAVE","1","banking77","exchange rate change process make withdrawal","loan repayment schedule available upon logging into personal finance section"
"1-MATAVE","MATAVE","1","banking77","exchange rate change process make withdrawal","deposit notification sent after successful funds transfer completion"
"1-MATAVE","MATAVE","1","banking77","exchange rate change process make withdrawal","requesting a new debit card"
"1-MATAVE","MATAVE","1","banking77","exchange rate change process make withdrawal","account status check needed before issuing replacement foreign currency withdrawal from checking account subject to current exchange rate activation of fraud alert for suspicious activities detected in your profile setting up recurring payments via online banking portal"
"1-MATAVE","MATAVE","1","banking77","exchange rate change process make withdrawal","exchange rate change process make deposit 2"
"1-MATAVE","MATAVE","1","banking77","exchange rate change process make withdrawal","currency conversion service initiate transfer 4. 5. account balance check procedure enable withdrawal 6. 7 bank loan application submission guidelines follow-up steps. 8"
"1-MATAVE","MATAVE","1","banking77","exchange rate change process make withdrawal","international wire transaction initiation requirements secure method compliance 9"
"1-MATAVE","MATAVE","1","banking77","exchange rate change process make withdrawal","overseas money order purchase instructions available online services comparison guide. 10"
"1-MATAVE","MATAVE","1","banking77","exchange rate change process make withdrawal","direct deposit setup process verification necessary documentation required to proceed with funds transfer 11"
"1-MATAVE","MATAVE","1","banking77","exchange rate change process make withdrawal","cross-border payment fee calculation factors influencing total cost analysis of different banking options. 12"
"1-MATAVE","MATAVE","1","banking77","exchange rate change process make withdrawal","foreign currency exchange rate notification system alerts account holders about significant fluctuations. 13"
"1-MATAVE","MATAVE","1","banking77","exchange rate change process make withdrawal","international wire service error resolution protocol contact customer support for assistance. 14"
"1-MATAVE","MATAVE","1","banking77","exchange rate change process make withdrawal","fraud detection and prevention measures implemented to safeguard personal financial information online transactions 15"
"1-MATAVE","MATAVE","1","banking77","exchange rate change process make withdrawal","multi-currency savings accounts benefits compared with traditional single-country saving products comparison of interest rates, fees etc. 16"
"1-MATAVE","MATAVE","1","banking77","exchange rate change process make withdrawal","account security features including two-factor authentication methods protecting against unauthorized access. 17"
"1-MATAVE","MATAVE","1","banking77","exchange rate change process make withdrawal","cross-border remittance service provider selection criteria factors affecting choice between different providers such as transfer speed and cost. 18"
"1-MATAVE","MATAVE","1","banking77","exchange rate change process make withdrawal","international money order tracking system allows customers to monitor the status in real-time throughout delivery process 19"
"1-MATAVE","MATAVE","1","banking77","exchange rate change process make withdrawal","global banking compliance requirements understanding regulatory obligations for foreign banks operating domestically within your country. 20"
"1-MATAVE","MATAVE","1","banking77","exchange rate change process make withdrawal","online bill pay service integration with various accounting software platforms step-by-step guide on how enable seamless payment processing. 21"
"1-MATAVE","MATAVE","1","banking77","exchange rate change process make withdrawal","currency conversion rate calculator tool helps users estimate the amount in local currencies when making international purchases or payments. 22"
"1-MATAVE","MATAVE","1","banking77","exchange rate change process make withdrawal","account reconciliation process for identifying discrepancies between bank statements and personal records to ensure accuracy. 23"
"1-MATAVE","MATAVE","1","banking77","exchange rate change process make withdrawal","opening a foreign branch banking facility considerations including regulatory requirements, market analysis & strategic planning. 24"
"1-MATAVE","MATAVE","1","banking77","exchange rate change process make withdrawal","managing multiple currency accounts challenges strategies on how best manage exchange rate risk while maximizing returns 25"
"1-MATAVE","MATAVE","1","banking77","exchange rate change process make withdrawal","cross-border remittance service fee structure comparison of different providers' pricing models and their impact in total cost to the customer."
"1-MATAVE","MATAVE","1","banking77","exchange rate change process make withdrawal","1. international credit card transaction approval process for foreign cards detailed steps involved from application submission through verification checks. 2"
"1-MATAVE","MATAVE","1","banking77","exchange rate change process make withdrawal",". 3. currency conversion charges when using a traveler's check abroad explained how these fees are calculated based on current exchange rates 4"
"1-MATAVE","MATAVE","1","banking77","exchange rate change process make withdrawal","multi-currency checking account features benefits of holding funds in multiple currencies compared to single-country accounts. 6"
"1-MATAVE","MATAVE","1","banking77","exchange rate change process make withdrawal",". foreign bank wire transfer service options comparison factors such as speed, cost and reliability between different providers. 7"
"1-MATAVE","MATAVE","1","banking77","exchange rate change process make withdrawal","online banking portal security measures implemented by banks for protecting customer data"
"2-LDA","LDA","2","banking77","come cash deposit show right mistake cash well lose need money asap","There was an extra fee when using money transfer service yesterday. Can we get that sorted immediately? "" ""Encountered a problem with the direct deposit, need to resolve ASAP for my paycheck issue."
"2-LDA","LDA","2","banking77","come cash deposit show right mistake cash well lose need money asap","I can't seem able make purchase without getting charged incorrectly."" ""I'm concerned about this charge on our account from last week; can someone assist me?"
"2-LDA","LDA","2","banking77","come cash deposit show right mistake cash well lose need money asap","My card isn't working at an ATM today. I really needed that cash urgently!"" ""Had a problem with the payment system, need help to resolve it immediately!"
"2-LDA","LDA","2","banking77","come cash deposit show right mistake cash well lose need money asap","I noticed my bank statement has some unexpected charges and I'm not sure how they occurred. Is there any way we could get this sorted out ASAP? I'm unable make purchase without getting charged incorrectly."
"2-LDA","LDA","2","banking77","come cash deposit show right mistake cash well lose need money asap","My card is blocked at an ATM; I really needed that cash urgently!"" ""Encountered a problem with the payment system, need help to resolve it immediately!"
"2-LDA","LDA","2","banking77","come cash deposit show right mistake cash well lose need money asap","I have concerns about my account balance and would like assistance. Can someone assist me in resolving this issue ASAP? I'm unable make purchase without getting charged incorrectly."
"2-LDA","LDA","2","banking77","come cash deposit show right mistake cash well lose need money asap","I need to deposit cash but the machine isn't accepting it, can someone help?"
"2-LDA","LDA","2","banking77","come cash deposit show right mistake cash well lose need money asap","2! I'm having trouble depositing my card at an ATM; it's not working properly and I've lost some money already because of this issue"
"2-LDA","LDA","2","banking77","come cash deposit show right mistake cash well lose need money asap","3 . Can't seem t0 get through with a bank charge on m&y account right now , needs immediate assistance"
"2-LDA","LDA","2","banking77","come cash deposit show right mistake cash well lose need money asap","10 My bank account has some unexpected charges and I need assistance in resolving them immediately"
"2-LDA","LDA","2","banking77","come cash deposit show right mistake cash well lose need money asap","17 My bank app shows incorrect balances and I need to resolve this quickly"
"2-LDA","LDA","2","banking77","come cash deposit show right mistake cash well lose need money asap","21 Is there any way I could transfer money from m&y account to another one quickly and safely ?"
"2-LDA","LDA","2","banking77","come cash deposit show right mistake cash well lose need money asap","25 I need help resolving some issues related to using m&y payment method, it's been quite"
"2-LDA","LDA","2","banking77","come cash deposit show right mistake cash well lose need money asap","need to deposit cash immediately lost my card can't pay rent"
"2-LDA","LDA","2","banking77","come cash deposit show right mistake cash well lose need money asap","wanting a quick way out, but need money right now and don't have the correct bank details for an ATM withdrawal."
"2-LDA","LDA","2","banking77","come cash deposit show right mistake cash well lose need money asap","I've got some extra charges on this account I didn't notice yet; can someone help me sort it?"
"2-LDA","LDA","2","banking77","come cash deposit show right mistake cash well lose need money asap","I'm in trouble because of that fee from last week. Can you assist with my payment issue before it's too late? I'm worried about missing a deadline!"
"2-LDA","LDA","2","banking77","come cash deposit show right mistake cash well lose need money asap","Need to transfer money today, but the app isn't working properly for card transactions."
"2-LDA","LDA","2","banking77","come cash deposit show right mistake cash well lose need money asap","I've been trying all day and can't seem able make any purchases without getting charged an extra rate; this is so frustrating! Help?"
"2-LDA","LDA","2","banking77","come cash deposit show right mistake cash well lose need money asap","I'm confused with my bank account charges. Can someone assist me in resolving a payment issue I encountered yesterday? I'm worried about overpaying!"
"2-LDA","LDA","2","banking77","come cash deposit show right mistake cash well lose need money asap","Need to use the card for some urgent shopping, but there's been no confirmation of transaction yet."
"2-LDA","LDA","2","banking77","come cash deposit show right mistake cash well lose need money asap","I can't seem able make any purchases without getting charged an extra rate; this is so frustrating! Help?"
"2-LDA","LDA","2","banking77","come cash deposit show right mistake cash well lose need money asap","I'm trying desperately today and cannot deposit cash into my account due a bank error. Need help immediately!"
"2-LDA","LDA","2","banking77","come cash deposit show right mistake cash well lose need money asap","Need to transfer money from the card back because I made that mistake last week, can someone assist me with it? I'm really worried about losing more funds."
"2-LDA","LDA","2","banking77","come cash deposit show right mistake cash well lose need money asap","I've been charged an unexpected fee for this purchase; how do we resolve payment issues like these?"
"2-LDA","LDA","2","banking77","come cash deposit show right mistake cash well lose need money asap","I'm in a rush and need help depositing cash into my account immediately. The ATM isn't working properly right now!"
"2-LDA","LDA","2","banking77","come cash deposit show right mistake cash well lose need money asap","Need to use the card but can't seem able make any purchases without getting extra fees, can someone assist me with it? I'm worried about losing money."
"2-LDA","LDA","2","banking77","come cash deposit show right mistake cash well lose need money asap","I've been trying all day today because I cannot deposit or withdraw from this bank; help please?"
"2-LDA","LDA","2","banking77","come cash deposit show right mistake cash well lose need money asap","I'm confused by my account charges and need assistance resolving a payment issue. Can you provide some guidance on how to fix the problem?"
"2-LDA","LDA","2","banking77","come cash deposit show right mistake cash well lose need money asap","need to deposit cash quickly, but made a mistake on the form and lost my money"
"2-LDA","LDA","2","banking77","come cash deposit show right mistake cash well lose need money asap","I accidentally charged too much with this card last time; can I get that fixed?"
"2-LDA","LDA","2","banking77","come cash deposit show right mistake cash well lose need money asap","I'm trying again today for an ATM withdrawal because yesterday's attempt failed."
"2-LDA","LDA","2","banking77","come cash deposit show right mistake cash well lose need money asap","I've been having trouble with this card transfer; can someone assist?"
"2-LDA","LDA","2","banking77","come cash deposit show right mistake cash well lose need money asap","I'm confused about how much money I have left on both cards, could use some clarification."
"2-LDA","LDA","2","banking77","come cash deposit show right mistake cash well lose need money asap","I want this card transfer completed today; can you expedite?"
"2-LDA","LDA","2","banking77","come cash deposit show right mistake cash well lose need money asap","I'm not sure how much I spent on that last purchase, need assistance."
"2-LDA","LDA","2","banking77","come cash deposit show right mistake cash well lose need money asap","My account is showing incorrect fees from yesterday's transaction. Can someone help me understand why? "" ""How do we avoid extra charges when using a credit/debit machine?"
"2-LDA","LDA","2","banking77","come cash deposit show right mistake cash well lose need money asap","I accidentally made an unauthorized payment; can you tell my card to block it immediately?"
"2-LDA","LDA","2","banking77","come cash deposit show right mistake cash well lose need money asap","I'm worried about the rate I was charged for this currency exchange, seems too high."
"2-LDA","LDA","2","banking77","come cash deposit show right mistake cash well lose need money asap","My friend told us there's no fee on cash withdrawals at ATMs anymore. Is that true? "" ""Can we get a refund from our last purchase made online?"
"2-LDA","LDA","2","banking77","come cash deposit show right mistake cash well lose need money asap","I need help with setting up my new card; it's not working properly."
"2-LDA","LDA","2","banking77","come cash deposit show right mistake cash well lose need money asap","I'm looking to buy something but don't have enough in the account, can I use this method instead?"
"2-LDA","LDA","2","banking77","come cash deposit show right mistake cash well lose need money asap","My bank said there was an error on your end for that charge. Can you fix it right away?"
"2-LDA","LDA","2","banking77","come cash deposit show right mistake cash well lose need money asap","I'm concerned about potential fraud on this account and want immediate help."
"2-LDA","LDA","2","banking77","come cash deposit show right mistake cash well lose need money asap","My friend mentioned there was an extra fee for using the ATM. Is that true?"
"2-LDA","LDA","2","banking77","come cash deposit show right mistake cash well lose need money asap","I accidentally entered a wrong PIN; can you tell my bank how we might resolve it?"" ""Can I withdraw cash directly from another person's card?"
"2-LDA","LDA","2","banking77","come cash deposit show right mistake cash well lose need money asap","I'm not sure if this transaction went through, need confirmation."
"2-LDA","LDA","2","banking77","come cash deposit show right mistake cash well lose need money asap","need to deposit cash quickly, but there's a mistake on the receipt"
"2-LDA","LDA","2","banking77","come cash deposit show right mistake cash well lose need money asap","wanting assistance with my payment method today for an urgent transaction."
"2-LDA","LDA","2","banking77","come cash deposit show right mistake cash well lose need money asap","I accidentally put in too much money and need help resolving it fast!"
"2-LDA","LDA","2","banking77","come cash deposit show right mistake cash well lose need money asap","I've been asked for a deposit but there's an error in our account details and need immediate help fixing it so I don't lose money!"
"2-LDA","LDA","2","banking77","come cash deposit show right mistake cash well lose need money asap","I accidentally entered an incorrect amount and want assistance in correcting our account details immediately. This is urgent as we can't afford to lose money!"
"2-LDA","LDA","2","banking77","come cash deposit show right mistake cash well lose need money asap","I have trouble making the deposit due date, can you provide some guidance on how this might be resolved?"" ""Need immediate advice for a transaction issue that occurred today; it's very important."
"2-LDA","LDA","2","banking77","come cash deposit show right mistake cash well lose need money asap","I accidentally entered my wrong card number and now I need help correcting it. Can someone assist me with resolving our account details quickly? This is urgent as we can't afford to lose money!"
"2-LDA","LDA","2","banking77","come cash deposit show right mistake cash well lose need money asap","I'm having trouble making the payment on time, can you advise us what steps should be taken next?"" ""Need assistance in fixing a transaction error that occurred today; it's very important."
"2-LDA","LDA","2","banking77","come cash deposit show right mistake cash well lose need money asap","I need help correcting an incorrect deposit made with my card. Can someone assist me immediately? This is urgent as we can't afford to lose money!"
"2-LDA","LDA","2","banking77","come cash deposit show right mistake cash well lose need money asap","I am having trouble making the payment on time, can you advise us what steps should be taken next?"" ""Need assistance in fixing a transaction error that occurred today; it's very important."
"2-LDA","LDA","2","banking77","come cash deposit show right mistake cash well lose need money asap","I accidentally entered an incorrect amount and want help correcting our account details immediately. Can someone assist me with resolving this issue quickly? This is urgent as we can't afford to lose money!"
"2-LDA","LDA","2","banking77","come cash deposit show right mistake cash well lose need money asap","I need to deposit cash and realize my card isn't working, please help me ASAP."
"2-LDA","LDA","2","banking77","come cash deposit show right mistake cash well lose need money asap","need deposit cash at bank today"
"2-LDA","LDA","2","banking77","come cash deposit show right mistake cash well lose need money asap","I want to make a withdrawal from my account, but I'm having trouble finding the ATM."
"2-LDA","LDA","2","banking77","come cash deposit show right mistake cash well lose need money asap","My card was declined during payment; I need assistance with this issue right away!"
"2-LDA","LDA","2","banking77","come cash deposit show right mistake cash well lose need money asap","I forgot how much was charged during a recent purchase; can we review this together quickly, please?"
"2-LDA","LDA","2","banking77","come cash deposit show right mistake cash well lose need money asap","I'd like some guidance on how the payment process works for online purchases. Is there a preferred method?"
"2-LDA","LDA","2","banking77","come cash deposit show right mistake cash well lose need money asap","I need advice on how the exchange rate is affecting our international transfers. Can we discuss it?"
"2-LDA","LDA","2","banking77","come cash deposit show right mistake cash well lose need money asap","I noticed some discrepancy on my statement and need help understanding what happened. Can we look into it together?"
"2-LDA","LDA","2","banking77","come cash deposit show right mistake cash well lose need money asap","I'm experiencing issues accessing funds from another country; could someone assist in resolving this?"
"2-LDA","LDA","2","banking77","come cash deposit show right mistake cash well lose need money asap","Could you provide instructions for setting up a new bank account quickly, please? I have an urgent matter."
"2-LDA","LDA","2","banking77","come cash deposit show right mistake cash well lose need money asap","I'd like to know how the direct deposit works and if there's anything specific that needs doing on my part. Can we go over it?"
"2-LDA","LDA","2","banking77","come cash deposit show right mistake cash well lose need money asap","I need some assistance with setting up direct payments for my bills. Can we walk through it together?"
"2-LDA","LDA","2","banking77","come cash deposit show right mistake cash well lose need money asap","need deposit cash in account immediately please"
"2-LDA","LDA","2","banking77","come cash deposit show right mistake cash well lose need money asap","need to transfer money from my card now, it's urgent."
"2-LDA","LDA","2","banking77","come cash deposit show right mistake cash well lose need money asap","card not working today; can't make a payment at the store yet!"
"2-LDA","LDA","2","banking77","come cash deposit show right mistake cash well lose need money asap","I've got an extra fee on this charge and I want it removed right away!"
"2-LDA","LDA","2","banking77","come cash deposit show right mistake cash well lose need money asap","can you help me with transferring funds between accounts?"" ""forgot about that cash deposit last week. Need to resolve ASAP."
"2-LDA","LDA","2","banking77","come cash deposit show right mistake cash well lose need money asap","my card is declined, need assistance in making another transaction."
"2-LDA","LDA","2","banking77","come cash deposit show right mistake cash well lose need money asap","want a refund for the purchase made yesterday; it's incorrect item received!"
"2-LDA","LDA","2","banking77","come cash deposit show right mistake cash well lose need money asap","I've encountered an issue while trying out this new payment app today and it didn't work as expected!"
"2-LDA","LDA","2","banking77","come cash deposit show right mistake cash well lose need money asap","can't make direct deposit at ATM right now. Need help urgently."
"2-LDA","LDA","2","banking77","come cash deposit show right mistake cash well lose need money asap","my card got charged twice, need to sort that error ASAP."
"2-LDA","LDA","2","banking77","come cash deposit show right mistake cash well lose need money asap","need assistance with the cash withdrawal process; it's taking too long!"
"2-LDA","LDA","2","banking77","come cash deposit show right mistake cash well lose need money asap","the rate for transferring money from one account is confusing me a bit,"" I hope you can clarify."
"2-LDA","LDA","2","banking77","come cash deposit show right mistake cash well lose need money asap","trying out this new payment service but having trouble using it."
"2-LDA","LDA","2","banking77","come cash deposit show right mistake cash well lose need money asap","my card got declined again, need help resolving quickly!"
"2-LDA","LDA","2","banking77","come cash deposit show right mistake cash well lose need money asap","I've been charged an unexpected fee and I'm not sure why; please look into that."
"2-LDA","LDA","2","banking77","come cash deposit show right mistake cash well lose need money asap","need to make another purchase today urgently with the credit account I have. Help needed!"
"2-LDA","LDA","2","banking77","come cash deposit show right mistake cash well lose need money asap","the transaction failed due a wrong PIN entered on this debit machine."
"2-LDA","LDA","2","banking77","come cash deposit show right mistake cash well lose need money asap","trying my luck at withdrawing cash from ATM, but it's stuck in processing mode!"
"2-LDA","LDA","2","banking77","come cash deposit show right mistake cash well lose need money asap","I've noticed an extra fee when using card for payment; can you explain?"" ""my bank app is not working properly today."
"2-LDA","LDA","2","banking77","come cash deposit show right mistake cash well lose need money asap","I need to make another direct deposit into the savings account right away!"
"2-LDA","LDA","2","banking77","come cash deposit show right mistake cash well lose need money asap","need assistance with receiving a refund on my recent purchase."
"2-LDA","LDA","2","banking77","come cash deposit show right mistake cash well lose need money asap","unable get cash from ATM, please assist me ASAP!"
"2-LDA","LDA","2","banking77","come cash deposit show right mistake cash well lose need money asap","trying to make another direct deposit into the savings account right away!"
"2-LDA","LDA","2","banking77","come cash deposit show right mistake cash well lose need money asap","I've noticed an extra fee when"
"2-LDA","LDA","2","banking77","come cash deposit show right mistake cash well lose need money asap","Need to deposit cash quickly, but made a mistake and lost the money."
"2-LDA","LDA","2","banking77","come cash deposit show right mistake cash well lose need money asap","3.""Cash deposited at ATM yesterday; need help recovering it urgently!"" 4"
"2-LDA","LDA","2","banking77","come cash deposit show right mistake cash well lose need money asap","Cash payment processed with extra fee unexpectedly—how do I get my refund?"" 5"
"2-LDA","LDA","2","banking77","come cash deposit show right mistake cash well lose need money asap","Need assistance in transferring funds from card account due today! 6"
"2-LDA","LDA","2","banking77","come cash deposit show right mistake cash well lose need money asap","Encountered an issue while trying to deposit cash, please advise on how we can resolve this."
"2-LDA","LDA","2","banking77","come cash deposit show right mistake cash well lose need money asap","ATM withdrawal failed and now I'm out of money; need help immediately!"" 8"
"2-LDA","LDA","2","banking77","come cash deposit show right mistake cash well lose need money asap","My payment was charged twice by mistake—how do I get my extra charges back?"" 9"
"2-LDA","LDA","2","banking77","come cash deposit show right mistake cash well lose need money asap","Trying again tomorrow for a successful card transfer but encountered an error today."" 10"
"2-LDA","LDA","2","banking77","come cash deposit show right mistake cash well lose need money asap","Need to confirm if the cash deposit at store yesterday went through correctly."
"2-LDA","LDA","2","banking77","come cash deposit show right mistake cash well lose need money asap","Encountered issue with credit/debit transaction, need assistance ASAP!"" 12"
"2-LDA","LDA","2","banking77","come cash deposit show right mistake cash well lose need money asap","Card not working properly during payment; how do I resolve this problem?"
"2-LDA","LDA","2","banking77","come cash deposit show right mistake cash well lose need money asap","Trying again tomorrow for a successful card transfer but encountered an error today."" 14"
"2-LDA","LDA","2","banking77","come cash deposit show right mistake cash well lose need money asap","Need to understand why my cash deposit was rejected at the ATM last night."
"2-LDA","LDA","2","banking77","come cash deposit show right mistake cash well lose need money asap","Encountered issue with credit/debit transaction, need assistance ASAP!"" 16"
"2-LDA","LDA","2","banking77","come cash deposit show right mistake cash well lose need money asap","Cash withdrawal from bank account didn't go through; how do I resolve this problem?"
"2-LDA","LDA","2","banking77","come cash deposit show right mistake cash well lose need money asap","Trying again tomorrow for a successful card transfer but encountered an error today."" 18"
"2-LDA","LDA","2","banking77","come cash deposit show right mistake cash well lose need money asap","Encountered issue with credit/debit transaction, need assistance ASAP!"" 20"
"2-LDA","LDA","2","banking77","come cash deposit show right mistake cash well lose need money asap","My payment failed due process; how do I resolve this problem?"
"2-LDA","LDA","2","banking77","come cash deposit show right mistake cash well lose need money asap","Trying again tomorrow for a successful card transfer but encountered an error today."" 22"
"2-LDA","LDA","2","banking77","come cash deposit show right mistake cash well lose need money asap","Encountered issue with credit/debit transaction, need assistance ASAP!"" 24"
"2-LDA","LDA","2","banking77","come cash deposit show right mistake cash well lose need money asap","Trying again tomorrow for a successful card transfer but encountered an error today."
"2-LDA","LDA","2","banking77","come cash deposit show right mistake cash well lose need money asap","need deposit card right now money fast please"
"2-LDA","LDA","2","banking77","come cash deposit show right mistake cash well lose need money asap","want to add funds immediately on my account any quick way?"
"2-LDA","LDA","2","banking77","come cash deposit show right mistake cash well lose need money asap","need assistance with cashing check at the bank today"
"2-LDA","LDA","2","banking77","come cash deposit show right mistake cash well lose need money asap","having trouble using credit/debit for a purchase, looking into alternatives urgently."
"2-LDA","LDA","2","banking77","come cash deposit show right mistake cash well lose need money asap","Need help depositing checks quickly; facing issues. Can we use an ATM or another method right now?"
"2-LDA","LDA","2","banking77","come cash deposit show right mistake cash well lose need money asap","looking to deposit money and avoid fees if possible"
"2-LDA","LDA","2","banking77","come cash deposit show right mistake cash well lose need money asap","how do I withdraw cash from my card without incurring extra charges?"" Encountered problems with the payment system, need assistance immediately!"
"2-LDA","LDA","2","banking77","come cash deposit show right mistake cash well lose need money asap","Need guidance on how much can be withdrawn at once using a credit/debit."
"2-LDA","LDA","2","banking77","come cash deposit show right mistake cash well lose need money asap","I have an issue depositing funds; could use some help right away."
"2-LDA","LDA","2","banking77","come cash deposit show right mistake cash well lose need money asap","need to transfer money between accounts and avoid any fees"
"2-LDA","LDA","2","banking77","come cash deposit show right mistake cash well lose need money asap","trying cashing check but getting stuck with the process."" Encountered problems when trying out new banking app, need assistance immediately!"
"2-LDA","LDA","2","banking77","come cash deposit show right mistake cash well lose need money asap","Need advice on how much I can withdraw at once using my credit/debit card."
"2-LDA","LDA","2","banking77","come cash deposit show right mistake cash well lose need money asap","Having trouble depositing funds; looking for a quick solution."
"2-LDA","LDA","2","banking77","come cash deposit show right mistake cash well lose need money asap","want to make an extra fee-free payment today"
"2-LDA","LDA","2","banking77","come cash deposit show right mistake cash well lose need money asap","need help with withdrawing cash from ATM without fees."" Encountered issues when trying out new banking app, need assistance immediately!"
"2-LDA","LDA","2","banking77","come cash deposit show right mistake cash well lose need money asap","Need urgent guidance for depositing checks and avoiding unnecessary charges."
"2-LDA","LDA","2","banking77","come cash deposit show right mistake cash well lose need money asap","looking to make a quick deposit but unsure of the best method"
"2-LDA","LDA","2","banking77","come cash deposit show right mistake cash well lose need money asap","encountered issues when trying out new banking app, need assistance immediately!"" Encountering problems with cash withdrawal; looking into alternatives urgently!"
"2-LDA","LDA","2","banking77","come cash deposit show right mistake cash well lose need money asap","trying to deposit a check but facing issues"
"2-LDA","LDA","2","banking77","come cash deposit show right mistake cash well lose need money asap","encountered difficulties when attempting an online payment, need assistance immediately!"" Encountering problems with ATM withdrawal; seeking alternative solutions urgently!"
"2-LDA","LDA","2","banking77","come cash deposit show right mistake cash well lose need money asap","need to make a quick deposit but unsure of the best method"
"2-LDA","LDA","2","banking77","come cash deposit show right mistake cash well lose need money asap","encountered issues when attempting an online payment, need assistance immediately!"" Encountering problems with ATM withdrawal; seeking alternative solutions urgently!"
"2-LDA","LDA","2","banking77","come cash deposit show right mistake cash well lose need money asap","need deposit show right money cash error today please"
"2-LDA","LDA","2","banking77","come cash deposit show right mistake cash well lose need money asap","I want to see my bank account balance, there's a mistake with the amount."
"2-LDA","LDA","2","banking77","come cash deposit show right mistake cash well lose need money asap","I'm having trouble withdrawing from an ATM; it says I need more than one card and I'm only using mine. Can you help?"
"2-LDA","LDA","2","banking77","come cash deposit show right mistake cash well lose need money asap","My payment went through but then got declined again immediately after because of some extra fee that wasn't there before!"
"2-LDA","LDA","2","banking77","come cash deposit show right mistake cash well lose need money asap","I accidentally charged my credit account instead, can we reverse this transaction right now? It's urgent."
"2-LDA","LDA","2","banking77","come cash deposit show right mistake cash well lose need money asap","I'm trying to transfer money from an old bank app; it's not working as expected. Can you assist?"
"2-LDA","LDA","2","banking77","come cash deposit show right mistake cash well lose need money asap","Can I get a refund for the purchase made with incorrect card details today and charge it back properly later on?"
"2-LDA","LDA","2","banking77","come cash deposit show right mistake cash well lose need money asap","I need help linking my new debit account because I'm getting extra fees every time."
"2-LDA","LDA","2","banking77","come cash deposit show right mistake cash well lose need money asap","I'm confused about why there's no money in cash when I've deposited recently, can we check this together? Urgent!"
"2-LDA","LDA","2","banking77","come cash deposit show right mistake cash well lose need money asap","Is there a way to transfer funds from one card balance directly into another without using an app?"
"2-LDA","LDA","2","banking77","come cash deposit show right mistake cash well lose need money asap","My bank charged me twice for the same transaction; I need that corrected immediately."
"2-LDA","LDA","2","banking77","come cash deposit show right mistake cash well lose need money asap","I can't seem able fix my payment error and I'm missing work because of it. Can you assist ASAP?""."
"2-LDA","LDA","2","banking77","come cash deposit show right mistake cash well lose need money asap","I'm trying different methods but nothing works to deposit cash quickly."
"2-LDA","LDA","2","banking77","come cash deposit show right mistake cash well lose need money asap","Is there a way we can manually adjust an incorrect charge on this account?"
"2-LDA","LDA","2","banking77","come cash deposit show right mistake cash well lose need money asap","My bank app isn't processing transactions as expected, need assistance immediately."
"2-LDA","LDA","2","banking77","come cash deposit show right mistake cash well lose need money asap","I've been charged twice for one purchase and I'm not sure how I am going resolve it. Can you help?""."
"2-LDA","LDA","2","banking77","come cash deposit show right mistake cash well lose need money asap","I'm trying to deposit cash at the ATM but it's showing my card is declined."
"2-LDA","LDA","2","banking77","come cash deposit show right mistake cash well lose need money asap","Can we check if there's an issue with transferring money from this account as I've encountered a problem?"
"2-LDA","LDA","2","banking77","come cash deposit show right mistake cash well lose need money asap","My bank statement shows extra fees that don't seem right, can someone assist me in resolving them immediately? I'm very concerned.""."
"2-LDA","LDA","2","banking77","come cash deposit show right mistake cash well lose need money asap","I'm having trouble seeing why I can't withdraw cash at the ATM; it keeps asking for additional security."
"2-LDA","LDA","2","banking77","come cash deposit show right mistake cash well lose need money asap","I need help correcting an incorrect transaction on my account from yesterday's purchase. Can we fix this together?"
"2-LDA","LDA","2","banking77","come cash deposit show right mistake cash well lose need money asap","My bank card is not working as expected, and I'd like to get a replacement or assistance right away.""."
"2-LDA","LDA","2","banking77","come cash deposit show right mistake cash well lose need money asap","I'm trying different methods but nothing seems effective in resolving the payment error I encountered today."
"2-LDA","LDA","2","banking77","come cash deposit show right mistake cash well lose need money asap","I need help understanding why there's an extra fee on my recent transaction; it wasn't there before. Can we resolve this quickly?"
"2-LDA","LDA","2","banking77","come cash deposit show right mistake cash well lose need money asap","My bank app isn't processing transactions as expected"
"2-LDA","LDA","2","banking77","come cash deposit show right mistake cash well lose need money asap","14""I've been charged twice on one account, can someone assist me with getting a refund immediately?"" 15 ""I need assistance transferring money from another card due today and encountered some issues."
"2-LDA","LDA","2","banking77","come cash deposit show right mistake cash well lose need money asap","24 ""I need assistance with making sure my payment goes through today without any extra fees."
"2-LDA","LDA","2","banking77","come cash deposit show right mistake cash well lose need money asap","need to correct my cash deposit error and get the money back fast"
"2-LDA","LDA","2","banking77","come cash deposit show right mistake cash well lose need money asap","want assistance with depositing a check immediately, there's an issue I need help resolving."
"2-LDA","LDA","2","banking77","come cash deposit show right mistake cash well lose need money asap","I accidentally put in too much when making payment today; can we sort this out quickly?"
"2-LDA","LDA","2","banking77","come cash deposit show right mistake cash well lose need money asap","I'm concerned about using someone else's card for now because of these charges I'm seeing on my account."
"2-LDA","LDA","2","banking77","come cash deposit show right mistake cash well lose need money asap","Need to understand how the ATM withdrawal process works before attempting another one, it seems problematic right after a deposit."
"2-LDA","LDA","2","banking77","come cash deposit show right mistake cash well lose need money asap","I think I might have made an error with transferring money from our joint bank accounts; can we sort this out?"
"2-LDA","LDA","2","banking77","come cash deposit show right mistake cash well lose need money asap","I've been charged twice for what should be just once today and need immediate assistance to resolve these fees."
"2-LDA","LDA","2","banking77","come cash deposit show right mistake cash well lose need money asap","Can you help me get my card replaced, it's lost but I've got the funds on it."
"2-LDA","LDA","2","banking77","come cash deposit show right mistake cash well lose need money asap","I'm looking into how I might transfer money directly from a mobile app payment platform; is that possible?"
"2-LDA","LDA","2","banking77","come cash deposit show right mistake cash well lose need money asap","I'd like some guidance about depositing cash at an ATM since I'm encountering issues with transactions."
"2-LDA","LDA","2","banking77","come cash deposit show right mistake cash well lose need money asap","Need help figuring out why my bank account shows different balances after making purchases, it's confusing."
"2-LDA","LDA","2","banking77","come cash deposit show right mistake cash well lose need money asap","I need to know how I can correct the mistake on a charge made from someone else's card; it wasn't me who used their credit line last night."
"2-LDA","LDA","2","banking77","come cash deposit show right mistake cash well lose need money asap","I'd like some advice about getting money back for an item that didn't arrive as expected and I'm considering my options."
"2-LDA","LDA","2","banking77","come cash deposit show right mistake cash well lose need money asap","Can you explain why there's been such high fees associated with using this particular payment method?"
"2-LDA","LDA","2","banking77","come cash deposit show right mistake cash well lose need money asap","I need to understand how I can deposit a check into our joint account; the process seems more complicated than usual."
"2-LDA","LDA","2","banking77","come cash deposit show right mistake cash well lose need money asap","I've noticed some discrepancies in transaction history, could we look at those together and see if something is wrong?"
"2-LDA","LDA","2","banking77","come cash deposit show right mistake cash well lose need money asap","Is there an easy way for me or my partner with this bank card right now since we're having trouble accessing it?"
"2-LDA","LDA","2","banking77","come cash deposit show right mistake cash well lose need money asap","I'm trying to understand the exchange rate on a cash transfer I made; it's not what I've seen before."
"2-LDA","LDA","2","banking77","come cash deposit show right mistake cash well lose need money asap","I've encountered some issues while attempting online banking today, can someone assist?"
"2-LDA","LDA","2","banking77","come cash deposit show right mistake cash well lose need money asap","Is there an option for me or my partner with this bank account right now due perhaps because of these recent transactions?"
"2-LDA","LDA","2","banking77","come cash deposit show right mistake cash well lose need money asap","I think there's been another mistake on the bill I received; could we go over it and see if it's correct? I'd like to pay less."
"2-LDA","LDA","2","banking77","come cash deposit show right mistake cash well lose need money asap","I'd appreciate some help in understanding how a direct deposit works, I've had"
"2-LDA","LDA","2","banking77","come cash deposit show right mistake cash well lose need money asap","need to deposit cash quick help right now"
"2-LDA","LDA","2","banking77","come cash deposit show right mistake cash well lose need money asap","I want a refund for the charge on my account I made by mistake yesterday."
"2-LDA","LDA","2","banking77","come cash deposit show right mistake cash well lose need money asap","My card was declined when trying PayPal, can you assist me with this?"
"2-LDA","LDA","2","banking77","come cash deposit show right mistake cash well lose need money asap","I forgot to link the new credit card I got today; could we go over it together, or should you charge me?"
"2-LDA","LDA","2","banking77","come cash deposit show right mistake cash well lose need money asap","I've been trying to use the card I just got, but it's not working as expected."
"2-LDA","LDA","2","banking77","come cash deposit show right mistake cash well lose need money asap","I need to set up my new card, but I'm not sure about the process; can I get some guidance?"
"2-LDA","LDA","2","banking77","come cash deposit show right mistake cash well lose need money asap","I accidentally charged too much to my card last time; how do I dispute this?"
"2-LDA","LDA","2","banking77","come cash deposit show right mistake cash well lose need money asap","I need to transfer some funds between my accounts; is that something I could do myself or should a representative assist me?"
"2-LDA","LDA","2","banking77","come cash deposit show right mistake cash well lose need money asap","I'd love to understand how PayPal works better; is their service worth paying a monthly fee?"
"2-LDA","LDA","2","banking77","come cash deposit show right mistake cash well lose need money asap","Can we go over my last transaction? I don't recognize any of these charges."" --- ""I'm having trouble finding the correct"
"2-LDA","LDA","2","banking77","come cash deposit show right mistake cash well lose need money asap","I need to deposit cash but made a mistake, please help me fix it immediately."
"2-LDA","LDA","2","banking77","come cash deposit show right mistake cash well lose need money asap","I'm having trouble with my bank card and it's urgent that we resolve this today."
"2-LDA","LDA","2","banking77","come cash deposit show right mistake cash well lose need money asap","3 . Can you assist in depositing money into an account that's been charged incorrectly? 4 Need guidance on how the charge for using another person's credit has affected their payment history?"
"2-LDA","LDA","2","banking77","come cash deposit show right mistake cash well lose need money asap","My cash deposit was processed but I think there's a mistake, can someone look at it right away?"
"2-LDA","LDA","2","banking77","come cash deposit show right mistake cash well lose need money asap","I'm concerned about my bank card being used without permission and need immediate assistance."
"2-LDA","LDA","2","banking77","come cash deposit show right mistake cash well lose need money asap","Can you help me understand why there's a charge from my bank card last night? 10 I'm confused about receiving money in exchange for goods and need clarification."
"2-LDA","LDA","2","banking77","come cash deposit show right mistake cash well lose need money asap","11 . I've lost some cash during the deposit process, can we correct that quickly? 12 My partner's credit was charged without our consent; how do I dispute this?"
"2-LDA","LDA","2","banking77","come cash deposit show right mistake cash well lose need money asap","How to reverse a transaction made on my bank card when it's been incorrectly applied? 14 Is there an option for me get money back from someone who overcharged us last week using their seller account."
"2-LDA","LDA","2","banking77","come cash deposit show right mistake cash well lose need money asap","15 . I've tried withdrawing cash but the machine isn't working, can you help? 16 I'm trying hard pay extra fee with credit without success; need assistance ASAP!"
"2-LDA","LDA","2","banking77","come cash deposit show right mistake cash well lose need money asap","How to report a problem when my bank card was used in an unauthorized transaction? 18 My attempt at depositing money went wrong and I can't seem correct it."
"2-LDA","LDA","2","banking77","come cash deposit show right mistake cash well lose need money asap","19 . Can we discuss the issue of being charged for using another person's account last month? 20 I'm not sure how this payment rate is calculated; can someone explain?"
"2-LDA","LDA","2","banking77","come cash deposit show right mistake cash well lose need money asap","What to do if my cash deposit was lost in transit, please help me recover? 22 My bank card transaction seems incorrect and I need immediate assistance."
"2-LDA","LDA","2","banking77","come cash deposit show right mistake cash well lose need money asap","23 . I've been told that there's a charge on our account from an unknown source - what should we be doing? 24 How does one go about disputing the wrong amount charged to their credit?"
"2-LDA","LDA","2","banking77","come cash deposit show right mistake cash well lose need money asap","Can you assist with getting my money back after making payment using someone else's card? 26 I attempted cash deposit but it didn't work, need help fixing this ASAP!"
"2-LDA","LDA","2","banking77","come cash deposit show right mistake cash well lose need money asap","Need assistance with transferring money from one bank card balance directly without using an ATM."" ""My friend wants me pay back some borrowed cash but I'm not sure how quickly we should do it."
"2-LDA","LDA","2","banking77","come cash deposit show right mistake cash well lose need money asap","I'm confused about the different fees for online banking and in-person transactions; which method is cheaper?"" ""I've noticed a strange charge on my credit account, can someone explain why it's there?"
"2-LDA","LDA","2","banking77","come cash deposit show right mistake cash well lose need money asap","Is direct deposit faster than check when receiving salary? I need to plan ahead."" ""My card got declined at checkout today due an expired date of birth listed."
"2-LDA","LDA","2","banking77","come cash deposit show right mistake cash well lose need money asap","My card isn't working at ATMs, can you assist me with another payment method right now?"
"2-LDA","LDA","2","banking77","come cash deposit show right mistake cash well lose need money asap","My card is not working at ATMs, can you assist me with another payment method right now?"
"2-MATAVE","MATAVE","2","banking77","need cancel recent transfer soon possible error help go","Request for refund on mistaken international transaction today urgent assistance required please assist me with this issue right away thank you!"
"2-MATAVE","MATAVE","2","banking77","need cancel recent transfer soon possible error help go","Issue blocking my debit card use, can someone resolve it immediately I need to complete a purchase now and cannot proceed due credit or cash options available?"
"2-MATAVE","MATAVE","2","banking77","need cancel recent transfer soon possible error help go","Foreign exchange rate fluctuation causing unexpected charges on account alert for immediate review of transaction history required assistance in tracking down these discrepancies please."
"2-MATAVE","MATAVE","2","banking77","need cancel recent transfer soon possible error help go","Experiencing difficulties with international money transfers, the process is taking longer than expected and I need guidance to expedite it or find an alternative solution as quickly can you assist?"
"2-MATAVE","MATAVE","2","banking77","need cancel recent transfer soon possible error help go","Unable access my online banking portal experiencing login issues preventing me from reviewing a suspicious transaction please provide immediate assistance how do we resolve this matter swiftly."
"2-MATAVE","MATAVE","2","banking77","need cancel recent transfer soon possible error help go","Payment for overseas order not reflecting in account, need to verify if the charge was made correctly and potentially dispute it as there seems be an issue with international billing confirmation required urgent help needed here!"
"2-MATAVE","MATAVE","2","banking77","need cancel recent transfer soon possible error help go","Need cancel recent transfer soon possible error helped go"
"2-MATAVE","MATAVE","2","banking77","need cancel recent transfer soon possible error help go","My scheduled payment has been delayed without notification causing a cash flow problem I urgently require clarification on this matter from your customer service team please."
"2-MATAVE","MATAVE","2","banking77","need cancel recent transfer soon possible error help go","ATM withdrawal failed at foreign branch, suspecting incorrect PIN usage and need to reset it immediately assistance required in recovering my account or finding an alternative solution quickly as I'm unable access funds now"
"2-MATAVE","MATAVE","2","banking77","need cancel recent transfer soon possible error help go","Unable complete international transaction due potential fraud alert on the card I urgently require a detailed explanation of these security measures taken by your bank for protecting customer accounts and to resolve this issue promptly."
"2-MATAVE","MATAVE","2","banking77","need cancel recent transfer soon possible error help go","Online banking not updating real-time balance, experiencing discrepancies in account activity need immediate assistance with reconciling my transactions or identifying any errors that may have occurred during recent transfers"
"2-MATAVE","MATAVE","2","banking77","need cancel recent transfer soon possible error help go","Need cancel recently made transfer soon possible error help go"
"2-MATAVE","MATAVE","2","banking77","need cancel recent transfer soon possible error help go","Suspicious charge on credit card statement for an overseas purchase I urgently require a detailed investigation of this transaction and steps to secure the remaining balance while resolving potential fraud issues please assist me immediately."
"2-MATAVE","MATAVE","2","banking77","need cancel recent transfer soon possible error help go","Inability completing online bank deposit due technical difficulties, need immediate assistance with troubleshooting or alternative methods available as I'm unable access my account features at present"
"2-MATAVE","MATAVE","2","banking77","need cancel recent transfer soon possible error help go","Transaction failed for international purchase without clear reason alert to review security measures and confirm transaction details I urgently require a resolution of this matter promptly."
"2-MATAVE","MATAVE","2","banking77","need cancel recent transfer soon possible error help go","ATM withdrawal declined due foreign currency discrepancy, need assistance"
"2-MATAVE","MATAVE","2","banking77","need cancel recent transfer soon possible error help go","Need to cancel a recent transfer, please help with the error I encountered go"
"2-MATAVE","MATAVE","2","banking77","need cancel recent transfer soon possible error help go","I'm experiencing an issue and need assistance in cancelling my last transaction due soon."
"2-MATAVE","MATAVE","2","banking77","need cancel recent transfer soon possible error help go","I've made some changes but now I'm facing issues. Can someone assist me? Help needed for resolving this problem immediately!"
"2-MATAVE","MATAVE","2","banking77","need cancel recent transfer soon possible error help go","My bank account shows two transactions from yesterday that were unauthorized, please help cancel them right away as I suspect a fraud attempt on American Express card twice."
"2-MATAVE","MATAVE","2","banking77","need cancel recent transfer soon possible error help go","Encountered an error while trying to keep my balance accurate abroad; can you advise how best action should be taken?"
"2-MATAVE","MATAVE","2","banking77","need cancel recent transfer soon possible error help go","I am unable find the option for hiding electronic mess after recent activation. Can someone guide me through this process?"
"2-MATAVE","MATAVE","2","banking77","need cancel recent transfer soon possible error help go","I'm looking into activating a new feature but unsure of correct procedure, need some advice on what steps I must follow."
"2-MATAVE","MATAVE","2","banking77","need cancel recent transfer soon possible error help go","Need help with determining post when sending international mail; accuracy is crucial."
"2-MATAVE","MATAVE","2","banking77","need cancel recent transfer soon possible error help go","I require assistance in understanding how to properly activate my virtual morning machine account. Can someone advise?"
"2-MATAVE","MATAVE","2","banking77","need cancel recent transfer soon possible error help go","The transaction seems incorrect and needs review for accurate action determination."
"2-MATAVE","MATAVE","2","banking77","need cancel recent transfer soon possible error help go","I'm trying figure out why the recent activity on American Express isn't reflecting correctly, need help with activation."
"2-MATAVE","MATAVE","2","banking77","need cancel recent transfer soon possible error help go","Need advice after accidentally making a purchase I can't afford; how to deactivate or cancel it quickly?"
"2-MATAVE","MATAVE","2","banking77","need cancel recent transfer soon possible error help go","I am having trouble accessing my account from abroad due some issues. Can someone assist me in resolving this?"
"2-MATAVE","MATAVE","2","banking77","need cancel recent transfer soon possible error help go","I'm looking for guidance about the correct procedure on rate changes and its impact, need help with activation."
"2-MATAVE","MATAVE","2","banking77","need cancel recent transfer soon possible error help go","I am unsure of what steps I should take next due an error message received during my last activity."
"2-MATAVE","MATAVE","2","banking77","need cancel recent transfer soon possible error help go","I'm trying understand why the recent charge on American Express card seems incorrect, need advice for accurate action."
"2-MATAVE","MATAVE","2","banking77","need cancel recent transfer soon possible error help go","Help needed in determining correct procedure after a failed transaction attempt; unable to resolve it myself yet."
"2-MATAVE","MATAVE","2","banking77","need cancel recent transfer soon possible error help go","I am having trouble accessing features of virtual disposable morning machine account. Need assistance with activation."
"2-MATAVE","MATAVE","2","banking77","need cancel recent transfer soon possible error help go","I'm looking into why my recent international purchase was not processed correctly and how I can determine the right action."
"2-MATAVE","MATAVE","2","banking77","need cancel recent transfer soon possible error help go","Need help in understanding correct procedure after receiving an error message while trying to activate a new feature on American Express card."
"2-MATAVE","MATAVE","2","banking77","need cancel recent transfer soon possible error help go","I need advice for accurate determination of post when sending mail internationally."
"2-MATAVE","MATAVE","2","banking77","need cancel recent transfer soon possible error help go","I'm looking into determining why my last transaction was not processed correctly, any guidance would be appreciated. Need assistance with activation."
"2-MATAVE","MATAVE","2","banking77","need cancel recent transfer soon possible error help go","Request to reverse last transaction, please assist with an issue encountered during the process of cancellation."
"2-MATAVE","MATAVE","2","banking77","need cancel recent transfer soon possible error help go","Unable find my account details; can you verify and correct them for me? I need immediate assistance as I'm trying a new pin on this virtual disposable morning machine."
"2-MATAVE","MATAVE","2","banking77","need cancel recent transfer soon possible error help go","Please confirm if there's been any unauthorized activity reported twice using American Express - it seems suspicious to be kept without notice, is there an error?"
"2-MATAVE","MATAVE","2","banking77","need cancel recent transfer soon possible error help go","Is the international transaction rate accurate abroad today or should we expect some discrepancies in our records? Need clarification urgently."
"2-MATAVE","MATAVE","2","banking77","need cancel recent transfer soon possible error help go","I'm trying my best with this electronic mess; can you guide me on how I might determine if there's been a post made incorrectly and what steps are needed to rectify it immediately."
"2-MATAVE","MATAVE","2","banking77","need cancel recent transfer soon possible error help go","I need advice: am able, but unsure about the correct procedure for accessing an account abroad - any tips would be appreciated!"
"2-MATAVE","MATAVE","2","banking77","need cancel recent transfer soon possible error help go","Could someone please help activate my new email activation process? I'm having trouble with this step in our usual workflow."
"2-MATAVE","MATAVE","2","banking77","need cancel recent transfer soon possible error help go","I've noticed some unusual activity and I think it's necessary to take action immediately. Can you advise on how we can best proceed?"
"2-MATAVE","MATAVE","2","banking77","need cancel recent transfer soon possible error help go","Is there a way for me as an employee of the company, but not authorized yet (able), access my account from abroad due? It's urgent that someone helps with this issue!"
"2-MATAVE","MATAVE","2","banking77","need cancel recent transfer soon possible error help go","We need help activating our new security feature; it seems like there's been some sort activation issues. Can you assist us in getting things moving again?"
"2-MATAVE","MATAVE","2","banking77","need cancel recent transfer soon possible error help go","I believe there might be an error and I want to ensure the accuracy of a recent transaction - can we look into why my previous action was not reflected correctly?"
"2-MATAVE","MATAVE","2","banking77","need cancel recent transfer soon possible error help go","Can someone advise me on how best determine if I've done something wrong or just missed out with this activation process, as I'm unsure what went awry?"
"2-MATAVE","MATAVE","2","banking77","need cancel recent transfer soon possible error help go","I'm trying your help here; is there an accurate way to check the status of a foreign transaction and ensure it's being processed properly overseas?"
"2-MATAVE","MATAVE","2","banking77","need cancel recent transfer soon possible error help go","Need assistance in resolving my recent issue - I think there's been some sort error during payment processing. Can someone guide me through this?"
"2-MATAVE","MATAVE","2","banking77","need cancel recent transfer soon possible error help go","I am having trouble with determining if I've done something wrong or not, could you advise on how best to resolve the activation problem I'm facing?"
"2-MATAVE","MATAVE","2","banking77","need cancel recent transfer soon possible error help go","Could there be a possible mistake here as it's showing that an action has already taken place when I know it hasn't been completed yet?"
"2-MATAVE","MATAVE","2","banking77","need cancel recent transfer soon possible error help go","Can someone assist me in figuring out why my last transaction was marked incorrectly? Is this some sort of error or am i missing something obvious about how to activate the process correctly, and if so what should"
"2-MATAVE","MATAVE","2","banking77","need cancel recent transfer soon possible error help go","Request refund for international transaction not processed correctly Please assist with a delayed wire to Canada, I need it canceled immediately."
"2-MATAVE","MATAVE","2","banking77","need cancel recent transfer soon possible error help go","Unable access my virtual account; please reset the password or provide assistance. I require immediate support in regaining entry into our morning machine system due today."
"2-MATAVE","MATAVE","2","banking77","need cancel recent transfer soon possible error help go","Need clarification on double charge from American Express card - was stolen twice? Requesting urgent help with a fraudulent transaction that occurred overseas and needs to be addressed."
"2-MATAVE","MATAVE","2","banking77","need cancel recent transfer soon possible error help go","My international rate for Saturday's transfer is incorrect; can we verify the accurate amount?"
"2-MATAVE","MATAVE","2","banking77","need cancel recent transfer soon possible error help go","I need assistance in hiding my electronic message as it contains sensitive information. Please guide me on how I might determine who sent this post or when they will delete their account."
"2-MATAVE","MATAVE","2","banking77","need cancel recent transfer soon possible error help go","Can you advise if I'm eligible to activate a new credit card abroad? My previous one has been denied."
"2-MATAVE","MATAVE","2","banking77","need cancel recent transfer soon possible error help go","I'm unable access the virtual machine; please help with activation of my morning routine software as it's critical for today's tasks. I need assistance in resetting security features on an American Express debit pin, it seems locked out."
"2-MATAVE","MATAVE","2","banking77","need cancel recent transfer soon possible error help go","Is there any way I can get advice from a specialist to determine why this account was closed? The notification came unexpectedly."
"2-MATAVE","MATAVE","2","banking77","need cancel recent transfer soon possible error help go","Please assist me if there's been some mistake with my foreign transaction rate; it's not matching the usual rates I've seen. I need help in activating an online banking feature that I'm unable access due today."
"2-MATAVE","MATAVE","2","banking77","need cancel recent transfer soon possible error help go","Can you advise on how I might activate a new security setting for our electronic accounts to prevent unauthorized use?"
"2-MATAVE","MATAVE","2","banking77","need cancel recent transfer soon possible error help go","I've encountered trouble logging into this morning machine - could someone guide me through activation of my account? The usual password isn't working."
"2-MATAVE","MATAVE","2","banking77","need cancel recent transfer soon possible error help go","I'm seeking advice regarding an unexpected charge from American Express, and I'm unable access the correct customer service channel."
"2-MATAVE","MATAVE","2","banking77","need cancel recent transfer soon possible error help go","Is there a way I can determine who sent that suspicious post on our forum or how to deactivate it?"
"2-MATAVE","MATAVE","2","banking77","need cancel recent transfer soon possible error help go","I need help in determining why this particular transaction was not processed; my credit card is active."
"2-MATAVE","MATAVE","2","banking77","need cancel recent transfer soon possible error help go","Requesting assistance with account activation for an overseas banking feature I'm trying access, it's currently disabled. Can you advise me if there's a way I can hide the details of that electronic message before someone else sees them?"
"2-MATAVE","MATAVE","2","banking77","need cancel recent transfer soon possible error help go","Need advice on how to resolve issues when unable activate new features in our virtual machine system; seems stuck."
"2-MATAVE","MATAVE","2","banking77","need cancel recent transfer soon possible error help go","I'm experiencing trouble with my American Express card due overseas transaction - assistance needed immediately. Please help!"
"2-MATAVE","MATAVE","2","banking77","need cancel recent transfer soon possible error help go","Request for immediate support if I'm able access the correct customer service channel regarding a fraudulent charge. I need guidance determining"
"2-MATAVE","MATAVE","2","banking77","need cancel recent transfer soon possible error help go","Need to cancel a recent transfer immediately, please assist with the error. How can I resolve this issue?"
"2-MATAVE","MATAVE","2","banking77","need cancel recent transfer soon possible error help go","Encountered an unexpected problem during my last transaction; assistance required."
"2-MATAVE","MATAVE","2","banking77","need cancel recent transfer soon possible error help go","I have received incorrect charges on American Express and need help correcting them urgently!"
"2-MATAVE","MATAVE","2","banking77","need cancel recent transfer soon possible error help go","The virtual machine for morning transactions is not functioning properly—can someone look into it right away? It’s critical to fix the error quickly, please assist me with this matter immediately. Thank you."
"2-MATAVE","MATAVE","2","banking77","need cancel recent transfer soon possible error help go","I noticed a suspicious charge from my account; I suspect fraud or an unauthorized transaction and need immediate help."
"2-MATAVE","MATAVE","2","banking77","need cancel recent transfer soon possible error help go","Please advise on how we can cancel these incorrect charges that were made abroad last Saturday without any activation fee!"
"2-MATAVE","MATAVE","2","banking77","need cancel recent transfer soon possible error help go","I am having trouble determining the accurate rate for foreign transactions, could someone assist me with this issue?"
"2-MATAVE","MATAVE","2","banking77","need cancel recent transfer soon possible error help go","There seems to be a glitch in my account; I can't activate or complete an online purchase. Could you help fix it immediately? The error message is confusing."
"2-MATAVE","MATAVE","2","banking77","need cancel recent transfer soon possible error help go","Can we hide electronic messages that are causing issues and resolve them without affecting the overall system performance?"
"2-MATAVE","MATAVE","2","banking77","need cancel recent transfer soon possible error help go","I need assistance determining why this post has been delayed, could someone look into activating a new account for me?"
"2-MATAVE","MATAVE","2","banking77","need cancel recent transfer soon possible error help go","I encountered an issue with my transaction; I would like to know how you can help activate it. The error code is preventing further action."
"2-MATAVE","MATAVE","2","banking77","need cancel recent transfer soon possible error help go","Is there any way we are able overseas access our accounts securely and ensure accurate transactions? Thank You!"
"2-MATAVE","MATAVE","2","banking77","need cancel recent transfer soon possible error help go","I need guidance on what steps should be taken if a foreign charge appears incorrectly in the account, please advise me immediately."
"2-MATAVE","MATAVE","2","banking77","need cancel recent transfer soon possible error help go","I require assistance with determining how to resolve an issue where my recent transaction is showing as inaccurate. Could you help activate this process?"
"2-MATAVE","MATAVE","2","banking77","need cancel recent transfer soon possible error help go","Can someone assist us right away? We are experiencing issues that need immediate activation and resolution."
"2-MATAVE","MATAVE","2","banking77","need cancel recent transfer soon possible error help go","I have been unable access accurate action for a while now, can we get some advice on what steps I should take next?"
"2-MATAVE","MATAVE","2","banking77","need cancel recent transfer soon possible error help go","I'm facing difficulties with an online purchase due to potential fraud; how do you suggest proceeding in such cases?"
"2-MATAVE","MATAVE","2","banking77","need cancel recent transfer soon possible error help go","Can someone help me understand the process of activating my account? I've encountered multiple errors that need immediate attention."
"2-MATAVE","MATAVE","2","banking77","need cancel recent transfer soon possible error help go","I noticed a suspicious charge and would like advice on what steps I should take next. Can we determine if it's fraudulent?"
"2-MATAVE","MATAVE","2","banking77","need cancel recent transfer soon possible error help go","I'm unable to activate an important feature, could you please assist with troubleshooting this issue immediately?"
"2-MATAVE","MATAVE","2","banking77","need cancel recent transfer soon possible error help go","Please advise me how the activation process works for international transactions; I've encountered several errors."
"2-MATAVE","MATAVE","2","banking77","need cancel recent transfer soon possible error help go","I need help understanding why my transaction is showing"
"2-MATAVE","MATAVE","2","banking77","need cancel recent transfer soon possible error help go","Need to cancel a recent transfer, it's causing an error. Can you assist?"
"2-MATAVE","MATAVE","2","banking77","need cancel recent transfer soon possible error help go","Need assistance with canceling a recent transfer, please help."
"2-MATAVE","MATAVE","2","banking77","need cancel recent transfer soon possible error help go","I'm encountering an error while trying to process my international wire; can someone assist me?"
"2-MATAVE","MATAVE","2","banking77","need cancel recent transfer soon possible error help go","Could you guide on how I might halt the ongoing transaction between accounts for personal reasons urgently required today?!"
"2-MATAVE","MATAVE","2","banking77","need cancel recent transfer soon possible error help go","The virtual machine assigned this morning isn't functioning correctly - any quick fixes or workarounds would be appreciated! I've noticed a duplicate charge from American Express that needs immediate attention, please advise."
"2-MATAVE","MATAVE","2","banking77","need cancel recent transfer soon possible error help go","I'm struggling to get accurate exchange rates while making an international transfer on Saturday; how can I ensure the correct amount is posted?"
"2-MATAVE","MATAVE","2","banking77","need cancel recent transfer soon possible error help go","There seems like some electronic interference with my bank messages - could this affect posting times or accuracy of transactions today?! I've received a suspicious charge and need advice: should it be reported as stolen immediately, especially if it's from abroad?"
"2-MATAVE","MATAVE","2","banking77","need cancel recent transfer soon possible error help go","I'm having trouble accessing certain features on an account while traveling overseas; any assistance would help."
"2-MATAVE","MATAVE","2","banking77","need cancel recent transfer soon possible error help go","I attempted to activate the new security feature but encountered issues - could you guide me through this process? After attempting a transfer yesterday evening by phone and again today via online banking without success, what should my next steps be?"
"2-MATAVE","MATAVE","2","banking77","need cancel recent transfer soon possible error help go","Need advice: is it possible for someone in another country with access rights abroad who can assist us better than here to activate our account's features or troubleshoot the problem faster?!"
"2-MATAVE","MATAVE","2","banking77","need cancel recent transfer soon possible error help go","I was trying different activation methods but still can't get past this screen; any suggestions would help me resolve these issues! Is there a way you could advise on how we might correct an incorrect posting from yesterday’s transaction? Thanks in advance for your assistance."
"2-MATAVE","MATAVE","2","banking77","need cancel recent transfer soon possible error help go","My transfer attempt failed, and I'm not sure why - can someone assist with troubleshooting or activating the necessary features to get it resolved quickly?"
"2-MATAVE","MATAVE","2","banking77","need cancel recent transfer soon possible error help go","I suspect my account may have been compromised; what steps should be taken immediately if a foreign charge appears without authorization on an American Express card used abroad?"
"2-MATAVE","MATAVE","2","banking77","need cancel recent transfer soon possible error help go","How do you suggest we proceed when trying multiple activation methods doesn't resolve our issue today, and immediate assistance is needed for the transaction posting to go through accurately?! I've noticed unusual activity in my account after attempting several activations; could this be related or should I seek further help immediately?"
"2-MATAVE","MATAVE","2","banking77","need cancel recent transfer soon possible error help go","Assistance required: how can one effectively determine if a recent electronic mess with bank messages was caused by an incorrect activation process?"
"2-MATAVE","MATAVE","2","banking77","need cancel recent transfer soon possible error help go","Can someone advise on the best course of action to take when trying multiple methods doesn't resolve posting issues for today's transactions and accurate exchange rates are critical?! Is there any advice you could provide regarding potential unauthorized charges that appeared after attempting account activations"
"2-MATAVE","MATAVE","2","banking77","need cancel recent transfer soon possible error help go","Need assistance with a recent transfer cancellation, please help! Got an error on my bank statement regarding international wire. Can someone assist?"
"2-MATAVE","MATAVE","2","banking77","need cancel recent transfer soon possible error help go","Please confirm the recent transfer and cancel it immediately due to an error. I need help with this issue urgently."
"2-MATAVE","MATAVE","2","banking77","need cancel recent transfer soon possible error help go","I encountered a possible processing delay on my Saturday transaction, can you assist me in resolving what appears as 'late' status?"
"2-MATAVE","MATAVE","2","banking77","need cancel recent transfer soon possible error help go","I'm having trouble locating details for one of our foreign transactions; could someone advise how we might hide or correct the record? The account is showing an incorrect amount."
"2-MATAVE","MATAVE","2","banking77","need cancel recent transfer soon possible error help go","Can I get advice to ensure that a transfer activation was successful on my American Express card this morning?"" I'm concerned there may have been issues with it."
"2-MATAVE","MATAVE","2","banking77","need cancel recent transfer soon possible error help go","I need assistance in understanding why there's no activity logged for one of our overseas transactions, could you advise how we might determine the cause?"
"2-MATAVE","MATAVE","2","banking77","need cancel recent transfer soon possible error help go","I'm trying something new and accidentally entered an incorrect PIN twice. Can someone assist me to reset my virtual disposable machine account quickly?"" I want help as soon rate errors are happening."
"2-MATAVE","MATAVE","2","banking77","need cancel recent transfer soon possible error help go","I noticed a discrepancy in rates applied on this foreign transaction abroad; can anyone provide accurate action steps for rectification? I'm concerned about potential fraud."
"2-MATAVE","MATAVE","2","banking77","need cancel recent transfer soon possible error help go","Is there any way we could activate the post-activation process more efficiently to ensure all transactions reflect accurately?"
"2-MATAVE","MATAVE","2","banking77","need cancel recent transfer soon possible error help go","I'm trying my best but I can't seem able access our overseas account. Could someone advise how one might gain appropriate foreign abroad system activation?"" This is urgent."
"2-MATAVE","MATAVE","2","banking77","need cancel recent transfer soon possible error help go","I've encountered an issue with a missed electronic message, can you help me determine what went wrong and possibly resend it? I'm not sure if it's still in the queue."
"2-MATAVE","MATAVE","2","banking77","need cancel recent transfer soon possible error help go","I'm concerned about potential fraud on my American Express card; could I get advice to keep track of any unauthorized activity or transactions?"" This needs immediate attention."
"2-MATAVE","MATAVE","2","banking77","need cancel recent transfer soon possible error help go","I need assistance activating this new account. Could someone guide through a proper activation process?"
"2-MATAVE","MATAVE","2","banking77","need cancel recent transfer soon possible error help go","Could you advise how we might accurately determine if our last transaction was processed correctly? I'm concerned about potential errors."
"2-MATAVE","MATAVE","2","banking77","need cancel recent transfer soon possible error help go","Need assistance canceling a recent transfer, please help!"
"2-MATAVE","MATAVE","2","banking77","need cancel recent transfer soon possible error help go","Experiencing issues with my American Express transaction; need guidance."
"2-MATAVE","MATAVE","2","banking77","need cancel recent transfer soon possible error help go","Request to hide electronic message regarding bank account details urgently needed. Seeking advice on how best rate international transfers for this Saturday's transactions."
"2-MATAVE","MATAVE","2","banking77","need cancel recent transfer soon possible error help go","Please advise me if I can access an overseas banking service and what steps are necessary? I'm looking into activating a new virtual disposable morning machine feature in my app, but it seems like there's been twice the number of unauthorized attempts to steal from our account."
"2-MATAVE","MATAVE","2","banking77","need cancel recent transfer soon possible error help go","Help needed with determining post office hours for international mail; also how do you activate online services?"
"2-MATAVE","MATAVE","2","banking77","need cancel recent transfer soon possible error help go","I'm having trouble understanding why I can't see an accurate rate on foreign currency exchange rates abroad – any advice? Need help activating my bank's new feature."
"2-MATAVE","MATAVE","2","banking77","need cancel recent transfer soon possible error help go","I'm trying a different approach but still facing issues, can someone advise me what to actually try next with this account activation problem? Need assistance in determining the correct post office hours for sending international packages. Any suggestions would be appreciated. I'm unable access certain features on an overseas banking service – any advice? How do I activate my new virtual machine feature?"
"2-MATAVE","MATAVE","2","banking77","need cancel recent transfer soon possible error help go","I'm unable to access a feature within our banking app that allows for rate comparison across different countries. How do I activate this service? Need advice from someone who can actually advise me what steps need taking next. Help needed with determining how exactly one should determine post office hours and whether they change based upon location or time of day."
"2-MATAVE","MATAVE","2","banking77","need cancel recent transfer soon possible error help go","I'm having trouble viewing accurate exchange rates while trying to make a foreign currency transaction – any assistance in activating the correct settings would be appreciated. Need someone who can actually advise me what steps need taking next. I have an issue with my bank account activation process, how do I determine if it's working correctly? Can you"
"2-MATAVE","MATAVE","2","banking77","need cancel recent transfer soon possible error help go","I'm trying multiple times but keep getting blocked from accessing foreign exchange rates. Can you help? How do I verify if the activation process for this service was successful? I'm not sure what to look out I think there might be something wrong with my account access overseas; can someone assist me in regaining it?"
"2-MATAVE","MATAVE","2","banking77","need cancel recent transfer soon possible error help go","Please advise on how we could recover a transaction that seems suspicious and potentially fraudulent. I'm having trouble posting an item from another country using American Express - any advice? How do I resolve the issue of being unable to activate this feature after following all instructions? Assistance needed! I need help figuring out why my international payment through PayPal was declined, can someone advise?"
"2-MATAVE","MATAVE","2","banking77","need cancel recent transfer soon possible error help go","Requesting assistance in understanding how a virtual machine is set up for remote access. I'm looking into an error with multiple attempts at transferring funds; please guide me on what to do next."
"2-MATAVE","MATAVE","2","banking77","need cancel recent transfer soon possible error help go","Please assist - I am unable confirm the status of this recent transfer and need help resolving it immediately."
"2-MATAVE","MATAVE","2","banking77","need cancel recent transfer soon possible error help go","Need reverse recent transfer, please assist with the error go"
"2-MATAVE","MATAVE","2","banking77","need cancel recent transfer soon possible error help go","Need to cancel a bank transaction that was just processed and is showing an issue; can you help me resolve this?"
"2-MATAVE","MATAVE","2","banking77","need cancel recent transfer soon possible error help go","Request for immediate assistance in stopping my last money movement due some problem encountered during processing."
"2-MATAVE","MATAVE","2","banking77","need cancel recent transfer soon possible error help go","Unable locate where funds are heading from yesterday's move - need guidance on how I might halt it."
"2-MATAVE","MATAVE","2","banking77","need cancel recent transfer soon possible error help go","Need advice quick, there seems to be a glitch with the recent transaction confirmation and it's showing an error; can someone assist me?"
"2-MATAVE","MATAVE","2","banking77","need cancel recent transfer soon possible error help go","Help required: I've been trying for hours but can't seem able figure out why my bank transfer is stuck in limbo. Can anyone guide?"
"2-MATAVE","MATAVE","2","banking77","need cancel recent transfer soon possible error help go","Urgent need assistance - I'm facing issues while attempting another money movement, there's some sort of block I don't understand."
"2-MATAVE","MATAVE","2","banking77","need cancel recent transfer soon possible error help go","Request to halt a recent transaction due the error encountered during processing; immediate help required please"
"2-MATAVE","MATAVE","2","banking77","need cancel recent transfer soon possible error help go","Assistance needed: I've been trying for hours but can't seem able figure out why my bank transfer is stuck in limbo. Can anyone guide?"
"2-MATAVE","MATAVE","2","banking77","need cancel recent transfer soon possible error help go","Encountered an issue with last money movement, received some sort of notification indicating possible problem - need guidance on how to proceed."
"2-MATAVE","MATAVE","2","banking77","need cancel recent transfer soon possible error help go","Request assistance regarding the error encountered during a recent transaction; unable find resolution"
"2-MATAVE","MATAVE","2","banking77","need cancel recent transfer soon possible error help go","Transaction not going through, suspecting an issue with electronic authorization - need guidance on how to proceed."
"2-MATAVE","MATAVE","2","banking77","need cancel recent transfer soon possible error help go","Request assistance needed urgently as the last money movement seems blocked due some sort of error; unable find resolution"
"2-MATAVE","MATAVE","2","banking77","need cancel recent transfer soon possible error help go","Assistance required: I'm facing issues while attempting another bank transfer and it's showing a possible block. Can someone assist me?"
"2-MATAVE","MATAVE","2","banking77","need cancel recent transfer soon possible error help go","Encountered potential fraud alert during recent transaction, seeking immediate help in understanding what to do next."
"2-MATAVE","MATAVE","2","banking77","need cancel recent transfer soon possible error help go","Need guidance on how I can stop the recently attempted money movement due some sort of error message; unable find resolution"
"2-MATAVE","MATAVE","2","banking77","need cancel recent transfer soon possible error help go","Request for assistance: I've been trying all day but can't seem able figure out why my bank transfer is stuck. Can someone assist me?"
"2-MATAVE","MATAVE","2","banking77","need cancel recent transfer soon possible error help go","Suspecting an issue with recent transaction, received a notification indicating possible block - need guidance on how to proceed."
"2-MATAVE","MATAVE","2","banking77","need cancel recent transfer soon possible error help go","Request immediate help in stopping the last attempted money movement due some sort of error; unable find resolution"
"2-MATAVE","MATAVE","2","banking77","need cancel recent transfer soon possible error help go","Assistance required: I've been trying for hours but can't seem able figure out why my bank transfer is stuck. Can someone assist me?"
"2-MATAVE","MATAVE","2","banking77","need cancel recent transfer soon possible error help go","Suspected issue with recent transaction, received an alert indicating possible block - need guidance on how to proceed."
"2-MATAVE","MATAVE","2","banking77","need cancel recent transfer soon possible error help go","Need help in figuring what"
"2-MATAVE","MATAVE","2","banking77","need cancel recent transfer soon possible error help go","Request refund for incorrect charge on American Express card immediately, please assist."
"2-MATAVE","MATAVE","2","banking77","need cancel recent transfer soon possible error help go","Experiencing issues with virtual machine access in the morning; requires urgent assistance to reset credentials."
"2-MATAVE","MATAVE","2","banking77","need cancel recent transfer soon possible error help go","Please resolve unauthorized transaction twice flagged by my account within 24 hours and secure it against future fraud attempts."
"2-MATAVE","MATAVE","2","banking77","need cancel recent transfer soon possible error help go","Unable find correct rate conversion while traveling abroad this Saturday - need accurate foreign exchange information urgently!"
"2-MATAVE","MATAVE","2","banking77","need cancel recent transfer soon possible error help go","Need guidance on how I can hide electronic communication for a private matter, please advise."
"2-MATAVE","MATAVE","2","banking77","need cancel recent transfer soon possible error help go","Requesting activation of new bank card due to lost credentials; urgent assistance required."
"2-MATAVE","MATAVE","2","banking77","need cancel recent transfer soon possible error help go","I require advice and support in determining the next steps after an incorrect post was received."
"2-MATAVE","MATAVE","2","banking77","need cancel recent transfer soon possible error help go","My account access has been compromised abroad - need immediate help with recovery actions!"
"2-MATAVE","MATAVE","2","banking77","need cancel recent transfer soon possible error help go","Please assist me immediately as I am unable confirm my identity for a foreign transaction."
"2-MATAVE","MATAVE","2","banking77","need cancel recent transfer soon possible error help go","Need activation of new online banking feature, but I'm encountering technical difficulties. Can you guide?"
"2-MATAVE","MATAVE","2","banking77","need cancel recent transfer soon possible error help go","I'm seeking advice on how to activate an overseas service that requires additional security measures."
"2-MATAVE","MATAVE","2","banking77","need cancel recent transfer soon possible error help go","Encountered error during last login attempt - please advise the next steps and provide assistance in troubleshooting this issue immediately!"
"2-MATAVE","MATAVE","2","banking77","need cancel recent transfer soon possible error help go","Please help me with a forgotten password for my virtual machine account; I need access urgently."
"2-MATAVE","MATAVE","2","banking77","need cancel recent transfer soon possible error help go","Requesting activation of new credit card due today, but I'm facing an unexpected hold-up. Can you expedite?"
"2-MATAVE","MATAVE","2","banking77","need cancel recent transfer soon possible error help go","I have concerns about potential fraud on American Express - please advise how to proceed and protect myself."
"2-MATAVE","MATAVE","2","banking77","need cancel recent transfer soon possible error help go","Rate discrepancies noticed while making foreign transaction abroad this Saturday – urgent clarification needed!"
"2-MATAVE","MATAVE","2","banking77","need cancel recent transfer soon possible error help go","Need assistance in determining the correct postage for a large package; can someone guide me through it?"
"2-MATAVE","MATAVE","2","banking77","need cancel recent transfer soon possible error help go","Help required with troubleshooting an error during online banking activation process."
"2-MATAVE","MATAVE","2","banking77","need cancel recent transfer soon possible error help go","I need advice on recovering my account after being locked out due to suspicious activity. Please assist promptly."
"2-MATAVE","MATAVE","2","banking77","need cancel recent transfer soon possible error help go","Requesting immediate help regarding unauthorized charges made twice using American Express card, please advise next steps!"
"2-MATAVE","MATAVE","2","banking77","need cancel recent transfer soon possible error help go","Encountered a problem while trying the virtual machine; it seems unresponsive and I require technical support immediately!"
"2-MATAVE","MATAVE","2","banking77","need cancel recent transfer soon possible error help go","Need assistance in activating an overseas account for my business operations."
"2-MATAVE","MATAVE","2","banking77","need cancel recent transfer soon possible error help go","Experiencing difficulties with electronic payment processing - need guidance on how to resolve this issue quickly."
"2-MATAVE","MATAVE","2","banking77","need cancel recent transfer soon possible error help go","Requesting help after encountering error during recent online banking transaction, please provide steps towards resolution."
"2-MATAVE","MATAVE","2","banking77","need cancel recent transfer soon possible error help go","Need reverse last transaction immediately possible error assistance required go"
"2-MATAVE","MATAVE","2","banking77","need cancel recent transfer soon possible error help go","Transaction reversal request denied – seeking clarification My attempt at cancelling recently made financial shift was unsuccessful, can you explain why and what I should"
"2-MATAVE","MATAVE","2","banking77","need cancel recent transfer soon possible error help go","Need reverse last transaction possible error assistance please go"
"2-MATAVE","MATAVE","2","banking77","need cancel recent transfer soon possible error help go","Unable to confirm transfer, need help canceling it soon."
"2-MATAVE","MATAVE","2","banking77","need cancel recent transfer soon possible error help go","Having trouble with a recent payment; can you assist in reversing the process? I'm encountering an issue and would appreciate some guidance on how I might resolve this problem quickly!"
"2-MATAVE","MATAVE","2","banking77","need cancel recent transfer soon possible error help go","Unable track my international wire - could use advice for undo action or correction needed ASAP!!!"
"2-MATAVE","MATAVE","2","banking77","need cancel recent transfer soon possible error help go","Not seeing expected funds from overseas transfer, need help to rectify situation."
"2-MATAVE","MATAVE","2","banking77","need cancel recent transfer soon possible error help go","Struggling with a foreign transaction that didn't go through as planned; assistance in reversing it is required immediately! Encountered an error during the payment process and can't proceed without resolving this issue! Need immediate support on how I can cancel or correct my recent financial action."
"2-MATAVE","MATAVE","2","banking77","need cancel recent transfer soon possible error help go","Transaction seems incorrect - seeking advice for potential reversal of transfer. Could you provide guidance? I'm facing a problem with confirming details from another country, need help to resolve it quickly!"
"2-MATAVE","MATAVE","2","banking77","need cancel recent transfer soon possible error help go","Experiencing difficulties in completing the payment; looking into options available if there's an option on how I can cancel or reverse this transaction as soon is possible."
"2-MATAVE","MATAVE","2","banking77","need cancel recent transfer soon possible error help go","Payment confirmation error - assistance required for resolving issue and potentially reversing recent financial action. Please guide me through steps necessary when a transfer doesn't go according to plan."
"2-MATAVE","MATAVE","2","banking77","need cancel recent transfer soon possible error help go","Requesting help with incorrect electronic funds movement; guidance needed regarding potential reversal of the most recently processed payment due today! Unable confirm international wire, need advice on how I can cancel or reverse this transaction as soon is possible."
"2-MATAVE","MATAVE","2","banking77","need cancel recent transfer soon possible error help go","Transaction appears erroneous - assistance required in determining steps for cancellation/reversal. Guidance appreciated to rectify situation and ensure correct financial action taken."
"2-MATAVE","MATAVE","2","banking77","need cancel recent transfer soon possible error help go","Seeking help with a recent transfer error; guidance needed if there's an option available now that allows me the ability quickly undo my last payment attempt or resolve this issue immediately! Unable confirm international wire, need advice on how I can cancel/override transaction as soon is possible."
"2-MATAVE","MATAVE","2","banking77","need cancel recent transfer soon possible error help go","Encountered issues during attempted foreign money movement - assistance required to determine steps for potential reversal of recent financial action. Need guidance promptly."
"2-MATAVE","MATAVE","2","banking77","need cancel recent transfer soon possible error help go","Experiencing difficulties with confirming a transfer; seeking immediate help if there's an option available now that allows me the ability quickly undo my last payment attempt or resolve this issue immediately! Unable confirm international wire, need advice on how I can cancel/override transaction as soon is possible."
"2-MATAVE","MATAVE","2","banking77","need cancel recent transfer soon possible error help go","Recent electronic funds movement appears erroneous - assistance required to determine steps for potential reversal of financial action. Guidance appreciated promptly."
"2-MATAVE","MATAVE","2","banking77","need cancel recent transfer soon possible error help go","Transaction confirmation error encountered; seeking immediate help if there's an option available now that allows me the ability quickly undo my last payment attempt or resolve this issue immediately! Unable"
"2-MATAVE","MATAVE","2","banking77","need cancel recent transfer soon possible error help go","Please cancel my recent transfer, I need to stop it immediately due not working out. Can you assist me with this issue?"
"2-MATAVE","MATAVE","2","banking77","need cancel recent transfer soon possible error help go","I'm trying determine if there's something wrong because the foreign exchange rate is not matching up. Can someone advise on how to correct or hide this error?"" ""Can you help me understand why I can't access some features while abroad? Is there a specific activation process that I'm missing?"
"2-MATAVE","MATAVE","2","banking77","need cancel recent transfer soon possible error help go","Request for refund on international transaction due to incorrect amount sent from American Express card last Saturday, please advise."
"2-MATAVE","MATAVE","2","banking77","need cancel recent transfer soon possible error help go","Urgent assistance required: I was charged twice this morning using my virtual disposable credit machine; how do we resolve it?"
"2-MATAVE","MATAVE","2","banking77","need cancel recent transfer soon possible error help go","Need assistance with a missed payment notification and how it affects the status in another country. Can you guide me through resolving an account issue related to overseas transactions? The transaction was supposed by mistake."
"2-MATAVE","MATAVE","2","banking77","need cancel recent transfer soon possible error help go","How do I report my lost American Express card details for fraudulent activities detected on our electronic billing statement from abroad, as I've noticed some discrepancies?"
"2-MATAVE","MATAVE","2","banking77","need cancel recent transfer soon possible error help go","I have a problem with determining why one of the post office boxes is not receiving mail; can you assist me in finding out if it's an issue related to foreign address delivery or activation settings? I need accurate advice."
"2-MATAVE","MATAVE","2","banking77","need cancel recent transfer soon possible error help go","Is there any way we could hide my personal details on our account from being shared without consent when I'm activating new services, as I've received a notification about potential misuse of data?"
"2-MATAVE","MATAVE","2","banking77","need cancel recent transfer soon possible error help go","I'm experiencing difficulties with determining the correct post office box for receiving international packages. Can you provide guidance to ensure that all foreign mail is delivered correctly? I would like advice and activation steps required if I need assistance in setting up my overseas bank account linked through American Express."
"2-MATAVE","MATAVE","2","banking77","need cancel recent transfer soon possible error help go","Please help me understand how we can determine which transactions are eligible under our current fraud protection plan, as I've noticed some inaccuracies on the recent electronic statements. Can you advise?"
"2-MATAVE","MATAVE","2","banking77","need cancel recent transfer soon possible error help go","Need reverse recent transfer immediately possible error assistance please go"
"2-MATAVE","MATAVE","2","banking77","need cancel recent transfer soon possible error help go","Ask for a refund on the last international wire transaction quickly, there's an issue. Assistance required. Request to halt ongoing funds movement due soon; experiencing errors - need help urgently! Urgent request: cancel pending overseas money dispatch and resolve associated problems now! Help needed ASAP!"
"2-MATAVE","MATAVE","2","banking77","need cancel recent transfer soon possible error help go","Inquire about reversing recent credit card charge from abroad for incorrect purchase immediately please assist Need assistance in cancelling a suspicious transaction on my American Express account that occurred internationally last Saturday. Request to stop ongoing transfer of funds; there seems an error with the international activation process."
"2-MATAVE","MATAVE","2","banking77","need cancel recent transfer soon possible error help go","Contact support regarding failed attempt at online banking login, suspect fraud. Need help resetting password and securing accounts promptly! Urgent: I need guidance for troubleshooting issues during electronic money order transaction - unable access account details or complete purchase on American Express. Request to block a foreign credit card charge due today; received incorrect billing statement."
"2-MATAVE","MATAVE","2","banking77","need cancel recent transfer soon possible error help go","Seek advice regarding unauthorized international wire transfer made from my U.S. bank yesterday, please assist in resolving this issue immediately! Need help with canceling an erroneous direct deposit that was set up incorrectly - urgent assistance required!"
"2-MATAVE","MATAVE","2","banking77","need cancel recent transfer soon possible error help go","Report of potential fraud on American Express account used abroad: immediate action needed to secure funds and investigate the incident. Request for a refund due today from overseas purchase made via debit card, please advise how I can proceed."
"2-MATAVE","MATAVE","2","banking77","need cancel recent transfer soon possible error help go","Encountered error during attempt at electronic money transfer; unable complete transaction using my virtual banking service. Need assistance in resolving this issue immediately! Need help with reversing an international wire payment that was mistakenly processed through American Express - urgent support required!"
"2-MATAVE","MATAVE","2","banking77","need cancel recent transfer soon possible error help go","Suspected fraudulent activity on credit card used abroad: need immediate cancellation and investigation of the unauthorized charge. Request to halt recent foreign bank transfer due today; encountered error during transaction process."
"2-MATAVE","MATAVE","2","banking77","need cancel recent transfer soon possible error help go","Report a problem regarding failed electronic funds exchange, assistance needed in resolving international payment issue immediately! Need help with cancelling an American Express purchase made overseas - unable access account details or complete refund request online. Urgent support required!"
"2-MATAVE","MATAVE","2","banking77","need cancel recent transfer soon possible error help go","Suspected fraudulent charge on my credit card used abroad: need immediate cancellation and investigation of the incident. Request to reverse a recent transaction that was processed incorrectly through electronic banking system."
"2-MATAVE","MATAVE","2","banking77","need cancel recent transfer soon possible error help go","Encountered error during international wire transfer attempt; assistance needed in resolving this issue immediately! Need help with cancelling an incorrect direct deposit made from overseas purchase using American Express - unable access account details or complete refund request online. Urgent support required!"
"2-MATAVE","MATAVE","2","banking77","need cancel recent transfer soon possible error help go","Suspected fraudulent activity on my credit card used abroad: need immediate cancellation and investigation of the"
"2-MATAVE","MATAVE","2","banking77","need cancel recent transfer soon possible error help go","Request refund for incorrect charge on international purchase, please assist immediately."
"2-MATAVE","MATAVE","2","banking77","need cancel recent transfer soon possible error help go","Unable to verify account number; need assistance with secure login activation."
"2-MATAVE","MATAVE","2","banking77","need cancel recent transfer soon possible error help go","Problem resolving foreign transaction rate discrepancy during this Saturday's online payment process. Please advise how I can hide the electronic mess and determine my correct post amount before finalizing transactions abroad accurately in English or Spanish?"
"2-MATAVE","MATAVE","2","banking77","need cancel recent transfer soon possible error help go","My virtual disposable morning machine isn't working as expected, could you help me troubleshoot? I've tried everything twice already."
"2-MATAVE","MATAVE","2","banking77","need cancel recent transfer soon possible error help go","I'm having trouble with a stolen American Express card; need immediate assistance to prevent further unauthorized charges."
"2-MATAVE","MATAVE","2","banking77","need cancel recent transfer soon possible error help go","I require advice on how best protect my account from possible fraudulent activity and ensure accurate foreign transaction rates are applied abroad for all future transactions. Could someone assist in activating the correct settings or recommend an alternative method of secure online payment?"
"2-MATAVE","MATAVE","2","banking77","need cancel recent transfer soon possible error help go","Is there a way I can activate additional security features while keeping track to avoid any unauthorized access? Need immediate assistance with this issue."
"2-MATAVE","MATAVE","2","banking77","need cancel recent transfer soon possible error help go","Please advise on how best we could prevent possible fraudulent activity and ensure accurate foreign transaction rates are applied abroad for all future transactions. How do you recommend proceeding if an electronic mess arises during the payment process?"
"2-MATAVE","MATAVE","2","banking77","need cancel recent transfer soon possible error help go","I'm experiencing issues activating my new account; can someone assist me in getting started? Need help navigating through activation steps."
"2-MATAVE","MATAVE","2","banking77","need cancel recent transfer soon possible error help go","I need to know how I could resolve a possible error with one of our recent transfers, and would appreciate some advice on what actions might be necessary. Could you provide guidance or assistance as soon has this issue is resolved?"
"2-MATAVE","MATAVE","2","banking77","need cancel recent transfer soon possible error help go","I'm trying my best but can't seem able abroad access the account in Spanish; can someone assist me? Need help navigating through language barriers."
"2-MATAVE","MATAVE","2","banking77","need cancel recent transfer soon possible error help go","Could I get a quick activation for an urgent transaction and also ensure accurate foreign exchange rates are applied during payment process. Please advise on how to proceed if any issues arise with this?"
"2-MATAVE","MATAVE","2","banking77","need cancel recent transfer soon possible error help go","I'm looking into setting up my new morning machine, but I'm having trouble finding the right settings; can someone assist me in activating it correctly? Need advice."
"2-MATAVE","MATAVE","2","banking77","need cancel recent transfer soon possible error help go","I need assistance determining whether I have an active subscription or not before making a purchase abroad and ensuring accurate rates are applied. Can you help guide through these steps?"
"2-MATAVE","MATAVE","2","banking77","need cancel recent transfer soon possible error help go","Is there any way to determine if my transaction was successful, given that I'm seeing discrepancies on the screen while attempting international payment in Spanish? Please advise how best we could resolve this issue."
"2-MATAVE","MATAVE","2","banking77","need cancel recent transfer soon possible error help go","I'm trying out an online service but am encountering a possible error; need assistance with activation and account verification. Can someone guide me through these steps?"
"2-MATAVE","MATAVE","2","banking77","need cancel recent transfer soon possible error help go","Unable to complete the international wire, please contact support immediately for assistance."
"2-MATAVE","MATAVE","2","banking77","need cancel recent transfer soon possible error help go","Please advise on how I can reverse a mistaken transaction made with my debit card. Urgent resolution required!"
"2-MATAVE","MATAVE","2","banking77","need cancel recent transfer soon possible error help go","How do you report an unauthorized charge from American Express? Assistance needed ASAP. Rate of foreign currency exchange abroad today accurate or not?"
"2-MATAVE","MATAVE","2","banking77","need cancel recent transfer soon possible error help go","Request to activate account after activation has been declined, please help me."
"2-MATAVE","MATAVE","2","banking77","need cancel recent transfer soon possible error help go","I need assistance in hiding electronic messages related a billing issue I encountered yesterday morning. Can someone guide? What steps should be taken if my PayPal transaction is delayed? Assistance required immediately. How do you determine the post office box number for international mail?"
"2-MATAVE","MATAVE","2","banking77","need cancel recent transfer soon possible error help go","Is it possible to recover funds from an accidental double charge on American Express card, please advise."
"2-MATAVE","MATAVE","2","banking77","need cancel recent transfer soon possible error help go","I need advice about activating a new credit account. Can someone assist me? Help needed with recovering stolen items reported twice last Saturday via virtual morning machine service. How do I activate my lost debit or checking accounts? Please provide guidance quickly! What should be done if there is an error on the American Express bill received this month?"
"2-MATAVE","MATAVE","2","banking77","need cancel recent transfer soon possible error help go","Request for advice to determine correct postage rate at post office. Need accurate information."
"2-MATAVE","MATAVE","2","banking77","need cancel recent transfer soon possible error help go","I need help in determining how much interest was earned from a savings account last year. How do I proceed with canceling my recently charged foreign transaction? Please advise immediately! Need assistance understanding why an electronic payment failed when attempting international shipping this Saturday morning? What is the correct procedure to follow if someone steals your credit card information while abroad?"
"2-MATAVE","MATAVE","2","banking77","need cancel recent transfer soon possible error help go","I am unable access virtual banking services due, please assist me in regaining account control. How do I resolve a discrepancy on my American Express bill? Need immediate assistance. Need help determining how much postage it will cost for mailing an international package this Saturday."
"2-MATAVE","MATAVE","2","banking77","need cancel recent transfer soon possible error help go","If I've made two identical charges with the same credit card abroad and want to cancel one immediately?"
"2-MATAVE","MATAVE","2","banking77","need cancel recent transfer soon possible error help go","I need advice about what action should be taken if I'm unable access electronic banking services from a foreign country. How do I determine whether my PayPal account is active or not? Please provide assistance. Need help in determining how much postage it will cost for mailing an international package this Saturday."
"2-MATAVE","MATAVE","2","banking77","need cancel recent transfer soon possible error help go","What steps can take to recover funds stolen via American Express while abroad? I need advice on what action should be taken if unable access virtual banking services due, please assist me. How do I activate my new credit card that was declined during the last purchase attempt? Need assistance immediately. Need help in determining how much postage it will"
"2-MATAVE","MATAVE","2","banking77","need cancel recent transfer soon possible error help go","Request refund for mistaken transaction on American Express card, please advise how to proceed."
"2-MATAVE","MATAVE","2","banking77","need cancel recent transfer soon possible error help go","Help required with an incorrect charge from a foreign bank account; need guidance quickly!"
"2-MATAVE","MATAVE","2","banking77","need cancel recent transfer soon possible error help go","Unable rate my international wire payment and want accurate action taken. How can I resolve this? ... Need assistance in hiding electronic mess created by double billing during last overseas purchase"
"2-MATAVE","MATAVE","2","banking77","need cancel recent transfer soon possible error help go","Issue activating new credit card, unable to proceed through the online activation process."
"2-MATAVE","MATAVE","2","banking77","need cancel recent transfer soon possible error help go","Advice needed on how best activate account for a foreign transaction; experiencing difficulties with service provider's system integration."
"2-MATAVE","MATAVE","2","banking77","need cancel recent transfer soon possible error help go","How do you actually advise someone who is stuck at their bank due an incorrect deposit? ... Need assistance in determining post office hours abroad accurately as I am traveling next week"
"2-MATAVE","MATAVE","2","banking77","need cancel recent transfer soon possible error help go","Requesting help to resolve issue where my electronic payment was not processed correctly, causing a mess."
"2-MATAVE","MATAVE","2","banking77","need cancel recent transfer soon possible error help go","Help me with activating the security feature on this virtual disposable card; it's been stolen twice already!"
"2-MATAVE","MATAVE","2","banking77","need cancel recent transfer soon possible error help go","I have trouble understanding how to hide my identity when using a foreign payment method. Can anyone assist me?"
"2-MATAVE","MATAVE","2","banking77","need cancel recent transfer soon possible error help go","I'm unable rate the exchange rates for international transactions and need accurate advice."
"2-MATAVE","MATAVE","2","banking77","need cancel recent transfer soon possible error help go","My virtual card was stolen twice, how can i prevent this from happening again? Need immediate help to secure my account."
"2-MATAVE","MATAVE","2","banking77","need cancel recent transfer soon possible error help go","I need advice on activating the fraud protection feature for a foreign transaction; it didn't go through."
"2-MATAVE","MATAVE","2","banking77","need cancel recent transfer soon possible error help go","Help me with determining post office hours abroad accurately as I am traveling next week"
"2-MATAVE","MATAVE","2","banking77","need cancel recent transfer soon possible error help go","Unable determine why an electronic payment was declined, causing quite some mess in our records. ... Need assistance to actually activate my virtual disposable card after multiple failed attempts."
"2-MATAVE","MATAVE","2","banking77","need cancel recent transfer soon possible error help go","How do you advise someone who is stuck at their bank due a missing funds transfer? ..."
"2-MATAVE","MATAVE","2","banking77","need cancel recent transfer soon possible error help go","Need to cancel a recent transfer, it's possible there's an error. Can you help me with this?"
"2-MATAVE","MATAVE","2","banking77","need cancel recent transfer soon possible error help go","I'm having trouble accessing my account from abroad; is there any way I can get assistance right away?"" ""My card was charged twice by American Express on Saturday—can someone look into it for accuracy and correct the mistake?"
"2-MATAVE","MATAVE","2","banking77","need cancel recent transfer soon possible error help go","I'm trying to activate a new virtual machine but it's not working. Could you advise me how?"
"2-MATAVE","MATAVE","2","banking77","need cancel recent transfer soon possible error help go","I'm having trouble with my email, can't seem able access certain accounts; can anyone assist in determining why?"" ""I need advice about an issue I encountered while using electronic banking services last week—could someone help determine what went wrong?"
"2-MATAVE","MATAVE","2","banking77","need cancel recent transfer soon possible error help go","I attempted to post a package but the system said it couldn't find any address. Can you advise me on how this could be resolved?"
"2-MATAVE","MATAVE","2","banking77","need cancel recent transfer soon possible error help go","My virtual machine isn't starting up properly in my morning routine; can anyone assist with troubleshooting?"" ""I'm having trouble figuring out why I can't access an account from abroad, and need some advice—can someone help?"
"2-MATAVE","MATAVE","2","banking77","need cancel recent transfer soon possible error help go","I think there might have been a mistake when the bank processed one of our transactions. Can you advise me on how to correct this?"
"2-MATAVE","MATAVE","2","banking77","need cancel recent transfer soon possible error help go","My virtual machine is not responding; can anyone assist with activating it again?"" ""I noticed my card was charged twice by American Express, and I need assistance in determining what went wrong—can someone help?"
"2-MATAVE","MATAVE","2","banking77","need cancel recent transfer soon possible error help go","I'm trying out a new banking app but it's asking for activation code. Can you advise me on how to activate the service properly?"
"2-MATAVE","MATAVE","2","banking77","need cancel recent transfer soon possible error help go","My virtual machine isn't starting up; can anyone assist with troubleshooting?"" ""I'm experiencing an issue where my card was declined overseas, and I need advice—is this related or is there another problem at play?"
"2-MATAVE","MATAVE","2","banking77","need cancel recent transfer soon possible error help go","I received a notification about two charges from American Express that don't match mine. Can someone advise me on how to resolve the discrepancy?"
"2-MATAVE","MATAVE","2","banking77","need cancel recent transfer soon possible error help go","I'm having trouble accessing certain features in our banking app; can anyone assist with activating them?"" ""I noticed an incorrect charge for my account and need advice—can you help determine if it's possible I made this error?"
"2-MATAVE","MATAVE","2","banking77","need cancel recent transfer soon possible error help go","I'm trying out a new online bank service, but it won't let me activate. Can someone advise on how to resolve the issue?"
"2-MATAVE","MATAVE","2","banking77","need cancel recent transfer soon possible error help go","My virtual machine is not starting up in our morning routine; can anyone assist with troubleshooting?"" ""I've encountered an unexpected charge from American Express and need assistance determining if it's valid—can you help?"
"2-MATAVE","MATAVE","2","banking77","need cancel recent transfer soon possible error help go","I'm having trouble accessing my account while abroad, could this be related or do I have another problem at play that needs resolving?"
"2-MATAVE","MATAVE","2","banking77","need cancel recent transfer soon possible error help go","My virtual machine isn't"
"2-MATAVE","MATAVE","2","banking77","need cancel recent transfer soon possible error help go","Unable to confirm transaction, please assist with resolving the issue immediately."
"2-MATAVE","MATAVE","2","banking77","need cancel recent transfer soon possible error help go","Foreign exchange rate fluctuated unexpectedly; require guidance on how this affects my international account balance."
"2-MATAVE","MATAVE","2","banking77","need cancel recent transfer soon possible error help go","ATM dispensing incorrect amount of cash - assistance needed urgently!"
"2-MATAVE","MATAVE","2","banking77","need cancel recent transfer soon possible error help go","Incorrect PIN entered multiple times while trying access virtual disposable morning machine: seeking help for reset procedure."
"2-MATAVE","MATAVE","2","banking77","need cancel recent transfer soon possible error help go","Unable to process American Express card at checkout, please advise."
"2-MATAVE","MATAVE","2","banking77","need cancel recent transfer soon possible error help go","Rate discrepancy found in foreign transaction abroad; need clarification on how this impacts my account."
"2-MATAVE","MATAVE","2","banking77","need cancel recent transfer soon possible error help go","Issue with electronic messaging system causing delays - urgent assistance required!"
"2-MATAVE","MATAVE","2","banking77","need cancel recent transfer soon possible error help go","Need advice regarding the activation of a new bank service I recently signed up for: unable access despite following instructions."
"2-MATAVE","MATAVE","2","banking77","need cancel recent transfer soon possible error help go","Transaction error message displayed when attempting to transfer funds, please help."
"2-MATAVE","MATAVE","2","banking77","need cancel recent transfer soon possible error help go","Lost credit card and need immediate guidance on how proceed without it."
"2-MATAVE","MATAVE","2","banking77","need cancel recent transfer soon possible error help go","Foreign transaction not reflecting accurately in my account - assistance required with correction process"
"2-MATAVE","MATAVE","2","banking77","need cancel recent transfer soon possible error help go","Unable verify identity online; request support activating two-factor authentication for added security Problem encountered during activation of new banking app: unable to complete the setup successfully."
"2-MATAVE","MATAVE","2","banking77","need cancel recent transfer soon possible error help go","Requesting help after being locked out due on a Saturday, need advice regarding how this impacts scheduled transactions."
"2-MATAVE","MATAVE","2","banking77","need cancel recent transfer soon possible error help go","Transaction not going through as expected - require assistance in troubleshooting and resolving issue promptly."
"2-MATAVE","MATAVE","2","banking77","need cancel recent transfer soon possible error help go","Unable locate transaction history for American Express account; seeking guidance with locating missing records"
"2-MATAVE","MATAVE","2","banking77","need cancel recent transfer soon possible error help go","Need clarification about the correct procedure to hide electronic messages that are irrelevant or spam."
"2-MATAVE","MATAVE","2","banking77","need cancel recent transfer soon possible error help go","Error encountered while trying post a payment via mobile app, please advise on how this can be resolved quickly."
"2-MATAVE","MATAVE","2","banking77","need cancel recent transfer soon possible error help go","Account balance showing incorrect amount after recent deposit - need help in determining why there is discrepancy."
"2-MATAVE","MATAVE","2","banking77","need cancel recent transfer soon possible error help go","Unable complete online banking session due suspected security breach; request immediate assistance to resolve issue and secure account"
"2-MATAVE","MATAVE","2","banking77","need cancel recent transfer soon possible error help go","Need advice regarding the correct procedure for activating new bank card."
"2-MATAVE","MATAVE","2","banking77","need cancel recent transfer soon possible error help go","Transaction error when attempting international transfer via virtual machine, please provide guidance on how this can be resolved quickly."
"2-MATAVE","MATAVE","2","banking77","need cancel recent transfer soon possible error help go","Issue with electronic messaging system causing delays - need help in troubleshooting problem urgently."
"2-MATAVE","MATAVE","2","banking77","need cancel recent transfer soon possible error help go","Unable access my American Express online banking portal due to incorrect PIN; assistance required immediately"
"2-MATAVE","MATAVE","2","banking77","need cancel recent transfer soon possible error help go","Need advice regarding the correct procedure for handling a stolen credit card."
"2-MATAVE","MATAVE","2","banking77","need cancel recent transfer soon possible error help go","Requesting immediate support after being locked out of virtual machine, unable proceed any further without intervention."
"2-MATAVE","MATAVE","2","banking77","need cancel recent transfer soon possible error help go","Transaction not reflecting accurately on account statement - need help in determining how this can be resolved quickly."
"2-MATAVE","MATAVE","2","banking77","need cancel recent transfer soon possible error help go","Unable verify identity online; request assistance with activating two-factor authentication"
"2-MATAVE","MATAVE","2","banking77","need cancel recent transfer soon possible error help go","Error encountered while attempting to post"
"2-MATAVE","MATAVE","2","banking77","need cancel recent transfer soon possible error help go","Unable to complete international transaction, please assist with the cancellation of a pending foreign exchange."
"2-MATAVE","MATAVE","2","banking77","need cancel recent transfer soon possible error help go","Please advise on how I can stop an incorrect charge from appearing twice in my American Express account. Urgent assistance required!"
"2-MATAVE","MATAVE","2","banking77","need cancel recent transfer soon possible error help go","What is your rate for currency conversion abroad this Saturday? Need accurate information before proceeding. How do you hide electronic transactions if they are unauthorized or fraudulent? I need help activating a new virtual disposable morning machine linked to our bank."
"2-MATAVE","MATAVE","2","banking77","need cancel recent transfer soon possible error help go","Can someone advise me on how I can determine the postmark date of an international package?"
"2-MATAVE","MATAVE","2","banking77","need cancel recent transfer soon possible error help go","Please assist with advice for dealing effectively when my card is blocked due from overseas access. How do you activate account protection after noticing suspicious activity in your online banking? Need immediate help."
"4-LDA","LDA","4","banking77","think rate apply purchase foreign currency wrong help","need assistance with currency conversion rate"
"4-LDA","LDA","4","banking77","think rate apply purchase foreign currency wrong help","I'm confused about the exchange rates applied during my purchase, can you help?"
"4-LDA","LDA","4","banking77","think rate apply purchase foreign currency wrong help","I was charged an extra fee on a card transaction and need clarification."
"4-LDA","LDA","4","banking77","think rate apply purchase foreign currency wrong help","My bank account is showing charges I don't recognize; who should be responsible for this money now?"" ""The foreign payment system isn't processing correctly. Can someone assist me with it? Thanks!"
"4-LDA","LDA","4","banking77","think rate apply purchase foreign currency wrong help","How do we handle the exchange rate when buying something directly from another country?"
"4-LDA","LDA","4","banking77","think rate apply purchase foreign currency wrong help","I tried to use my card, but there was an error during transfer and I'm not sure what happened."
"4-LDA","LDA","4","banking77","think rate apply purchase foreign currency wrong help","I need help understanding why my card was declined during an ATM withdrawal."
"4-LDA","LDA","4","banking77","think rate apply purchase foreign currency wrong help","I'm trying to get a refund for something purchased abroad, but I'm not sure how it works."
"4-LDA","LDA","4","banking77","think rate apply purchase foreign currency wrong help","need help with foreign currency exchange rate"
"4-LDA","LDA","4","banking77","think rate apply purchase foreign currency wrong help","I want to understand the fee for international money transfer."
"4-LDA","LDA","4","banking77","think rate apply purchase foreign currency wrong help","It seems there's an extra charge on my card, can you explain why?"
"4-LDA","LDA","4","banking77","think rate apply purchase foreign currency wrong help","I'm having trouble using a seller's payment app; what should I do next? "" --- ""My account was charged unexpectedly when making overseas purchases. How does this happen?"
"4-LDA","LDA","4","banking77","think rate apply purchase foreign currency wrong help","I've noticed that the exchange rate for foreign currency is different from mine at home."
"4-LDA","LDA","4","banking77","think rate apply purchase foreign currency wrong help","Can someone assist me with my card being declined during an international transaction?"
"4-LDA","LDA","4","banking77","think rate apply purchase foreign currency wrong help","I'm confused about why there's a fee on using another person's credit line to buy items abroad. "" ---"
"4-LDA","LDA","4","banking77","think rate apply purchase foreign currency wrong help","need help with currency conversion charge extra fees"
"4-LDA","LDA","4","banking77","think rate apply purchase foreign currency wrong help","trouble using card for purchase, need assistance receiving money back."
"4-LDA","LDA","4","banking77","think rate apply purchase foreign currency wrong help","I want to understand how the exchange rate affects my purchases in another country."
"4-LDA","LDA","4","banking77","think rate apply purchase foreign currency wrong help","My account was charged a fee when I tried making an international payment. Can someone assist me?"
"4-LDA","LDA","4","banking77","think rate apply purchase foreign currency wrong help","I'm confused about why there's been no receipt after buying something online; can you help?"
"4-LDA","LDA","4","banking77","think rate apply purchase foreign currency wrong help","I accidentally used wrong currency while paying with card, need guidance."
"4-LDA","LDA","4","banking77","think rate apply purchase foreign currency wrong help","Need to know how much extra fees are for using my credit/debit on a foreign site."
"4-LDA","LDA","4","banking77","think rate apply purchase foreign currency wrong help","I've encountered an issue where the payment didn't go through at checkout. Can someone assist?"
"4-LDA","LDA","4","banking77","think rate apply purchase foreign currency wrong help","I'm trying multiple times but keep getting charged instead of refunded; please help me out!"
"4-LDA","LDA","4","banking77","think rate apply purchase foreign currency wrong help","How do I correct when I've used wrong currency while making online purchase?"
"4-LDA","LDA","4","banking77","think rate apply purchase foreign currency wrong help","Need advice for transferring money from my card to another account, facing issues."
"4-LDA","LDA","4","banking77","think rate apply purchase foreign currency wrong help","I want assistance with understanding the fees involved in using a credit/debit abroad."
"4-LDA","LDA","4","banking77","think rate apply purchase foreign currency wrong help","I'm having trouble receiving funds back after an international transaction; can someone help?"
"4-LDA","LDA","4","banking77","think rate apply purchase foreign currency wrong help","How do I handle incorrect currency used during online purchase?"
"4-LDA","LDA","4","banking77","think rate apply purchase foreign currency wrong help","Encountered extra charges when trying direct bank transfer to foreign account, need advice."
"4-LDA","LDA","4","banking77","think rate apply purchase foreign currency wrong help","I accidentally charged my card instead of getting refunded. Need guidance on how this works."
"4-LDA","LDA","4","banking77","think rate apply purchase foreign currency wrong help","I'm confused about the fees involved in using a credit/debit abroad; can someone assist me?"
"4-LDA","LDA","4","banking77","think rate apply purchase foreign currency wrong help","Having trouble with international payment and received an unexpected charge from seller's side."" ""Need help understanding why there's been no receipt after making online purchase."
"4-LDA","LDA","4","banking77","think rate apply purchase foreign currency wrong help","I need assistance when I accidentally charged my card instead of getting refunded."
"4-LDA","LDA","4","banking77","think rate apply purchase foreign currency wrong help","Having trouble with international payment and received an unexpected charge from seller's side."
"4-LDA","LDA","4","banking77","think rate apply purchase foreign currency wrong help","need assistance with currency conversion rate apply purchase foreign exchange help"
"4-LDA","LDA","4","banking77","think rate apply purchase foreign currency wrong help","My bank says there's an exchange rate applied, but I don't understand how much I'm being overcharged during foreign transactions."
"4-LDA","LDA","4","banking77","think rate apply purchase foreign currency wrong help","incorrect rate apply purchase foreign currency help"
"4-LDA","LDA","4","banking77","think rate apply purchase foreign currency wrong help","need assistance with charge account money card extra fee payment use seller services."
"4-LDA","LDA","4","banking77","think rate apply purchase foreign currency wrong help","I want to understand how the exchange is done when I pay directly using my credit/debit for an item. Can you assist?"
"4-LDA","LDA","4","banking77","think rate apply purchase foreign currency wrong help","I'm having trouble getting a refund on charges from another country, can someone guide me through this process?"
"4-LDA","LDA","4","banking77","think rate apply purchase foreign currency wrong help","Is it possible that there's been some mistake with money transferred between accounts or cards recently?"
"4-LDA","LDA","4","banking77","think rate apply purchase foreign currency wrong help","Can we try to resolve the issue of extra fees appearing when I make an international payment using my card?"
"4-LDA","LDA","4","banking77","think rate apply purchase foreign currency wrong help","I'm trying different methods for a foreign currency purchase but keep running into problems, any advice would be appreciated."
"4-LDA","LDA","4","banking77","think rate apply purchase foreign currency wrong help","Is there someone who can help me understand why there's been no money transferred from one account and another is empty?"
"4-LDA","LDA","4","banking77","think rate apply purchase foreign currency wrong help","How do you go about making payments directly to the seller when buying an item online?"
"4-LDA","LDA","4","banking77","think rate apply purchase foreign currency wrong help","I need some guidance on how a card transfer works between accounts or with ATMs. Is it possible for assistance?"
"4-LDA","LDA","4","banking77","think rate apply purchase foreign currency wrong help","I'm looking into using my app today, but I'm not sure if it's going through correctly."
"4-LDA","LDA","4","banking77","think rate apply purchase foreign currency wrong help","I've encountered issues trying out cash withdrawals from different banks and could use help."
"4-LDA","LDA","4","banking77","think rate apply purchase foreign currency wrong help","Can you explain the process of getting charged when I make a payment directly to an item instead?"
"4-LDA","LDA","4","banking77","think rate apply purchase foreign currency wrong help","There seems like there's been some sort that might be wrong with my card transfer. Can someone assist me?"
"4-LDA","LDA","4","banking77","think rate apply purchase foreign currency wrong help","I want assistance in understanding why I'm being told about fees on foreign currency exchange."
"4-LDA","LDA","4","banking77","think rate apply purchase foreign currency wrong help","How do we handle charges and payments for items bought from another country?"
"4-LDA","LDA","4","banking77","think rate apply purchase foreign currency wrong help","Can you help clarify how to make a successful payment using the app today?"
"4-LDA","LDA","4","banking77","think rate apply purchase foreign currency wrong help","I've noticed some discrepancies with my card balance after making an international purchase, can someone assist?"
"4-LDA","LDA","4","banking77","think rate apply purchase foreign currency wrong help","I need assistance in understanding why I can't use money at ATMs when trying foreign currency exchange."
"4-LDA","LDA","4","banking77","think rate apply purchase foreign currency wrong help","I'm confused about charges appearing on different cards and could really appreciate help."
"4-LDA","LDA","4","banking77","think rate apply purchase foreign currency wrong help","Is there a way to make sure that the correct amount is charged for my purchases from another country?"
"4-LDA","LDA","4","banking77","think rate apply purchase foreign currency wrong help","Can you explain how card transfers work between accounts, or if there's an issue with mine?"
"4-LDA","LDA","4","banking77","think rate apply purchase foreign currency wrong help","I need assistance in understanding why I am being told about extra fees when using money cards."
"4-LDA","LDA","4","banking77","think rate apply purchase foreign currency wrong help","How do we go through refunds on charges made abroad?"
"4-LDA","LDA","4","banking77","think rate apply purchase foreign currency wrong help","Can someone help me understand the process of foreign currency exchange and possible mistakes that could occur?"
"4-LDA","LDA","4","banking77","think rate apply purchase foreign currency wrong help","I'm looking for advice regarding issues I've encountered with my card balance after making a payment."
"4-LDA","LDA","4","banking77","think rate apply purchase foreign currency wrong help","help apply purchase foreign currency wrong rate help"
"4-LDA","LDA","4","banking77","think rate apply purchase foreign currency wrong help","need assistance with charge account money card extra fee payment use seller"
"4-LDA","LDA","4","banking77","think rate apply purchase foreign currency wrong help","I'm having trouble applying the correct exchange when purchasing in a different country, can you assist?"
"4-LDA","LDA","4","banking77","think rate apply purchase foreign currency wrong help","I want to understand how I might incur an additional cost during my transaction."
"4-LDA","LDA","4","banking77","think rate apply purchase foreign currency wrong help","How do payments work if there's been any mistake made when exchanging currency at the ATM? Is there a way you can assist?"
"4-LDA","LDA","4","banking77","think rate apply purchase foreign currency wrong help","I've noticed an extra fee I didn't expect during my last transaction, could someone explain why that happened to me?"
"4-LDA","LDA","4","banking77","think rate apply purchase foreign currency wrong help","Is this the correct process if we need assistance with a charge on our account from abroad?"
"4-LDA","LDA","4","banking77","think rate apply purchase foreign currency wrong help","I've had an issue where my card was charged when I thought there should be no fee involved, can you advise me?"
"4-LDA","LDA","4","banking77","think rate apply purchase foreign currency wrong help","Is it possible for us not get the correct amount on our cards due a mistake in currency exchange at an ATM?"
"4-LDA","LDA","4","banking77","think rate apply purchase foreign currency wrong help","I'd like some help understanding how my card works when I make purchases overseas."
"4-LDA","LDA","4","banking77","think rate apply purchase foreign currency wrong help","Is there anything wrong that would cause our payment to fail during a foreign currency purchase, and can someone assist us?"
"4-LDA","LDA","4","banking77","think rate apply purchase foreign currency wrong help","I've encountered an issue where my card was declined when I tried making international purchases. What should we do next?"
"4-LDA","LDA","4","banking77","think rate apply purchase foreign currency wrong help","I'm confused about how exchange rates are applied at the point of sale for items bought in another country."
"4-LDA","LDA","4","banking77","think rate apply purchase foreign currency wrong help","Is there any assistance available if there's been a mistake with our payment during currency conversion?"
"4-LDA","LDA","4","banking77","think rate apply purchase foreign currency wrong help","What should we do when trying to use the card at foreign ATMs and facing issues? Can you provide some help?"
"4-LDA","LDA","4","banking77","think rate apply purchase foreign currency wrong help","Is there a way for us not get charged fees unexpectedly during international transactions?"
"4-LDA","LDA","4","banking77","think rate apply purchase foreign currency wrong help","What happens if there's been any confusion with currency exchange rates when buying internationally? Can someone assist me"
"4-LDA","LDA","4","banking77","think rate apply purchase foreign currency wrong help","Sure, here are 25 example texts related to the banking text domain:"
"4-LDA","LDA","4","banking77","think rate apply purchase foreign currency wrong help","help with wrong foreign currency rate apply purchase"
"4-LDA","LDA","4","banking77","think rate apply purchase foreign currency wrong help","trouble getting correct exchange when buying online help charge account money card extra fee payment use seller for assistance?"
"4-LDA","LDA","4","banking77","think rate apply purchase foreign currency wrong help","can I get a refund if the charged amount is incorrect on my credit/debit transaction? need to fix this issue immediately."
"4-LDA","LDA","4","banking77","think rate apply purchase foreign currency wrong help","I'm having trouble understanding why there's an additional unexpected cost with international purchases. Can someone assist me in resolving it?"
"4-LDA","LDA","4","banking77","think rate apply purchase foreign currency wrong help","encountered wrong rate while applying foreign currency during purchase, how do we rectify charge account money card extra fee payment?"
"4-LDA","LDA","4","banking77","think rate apply purchase foreign currency wrong help","had a problem last time my bank charged the right amount on credit/debit transaction for direct item buy? Need advice."
"4-LDA","LDA","4","banking77","think rate apply purchase foreign currency wrong help","need assistance to understand why there's an unexpected cost when using seller's app or website. How can I get this fixed?"
"4-LDA","LDA","4","banking77","think rate apply purchase foreign currency wrong help","experiencing issues with foreign currency rate during purchase, help me apply correct charge account money card extra fee payment?"
"4-LDA","LDA","4","banking77","think rate apply purchase foreign currency wrong help","my bank charged the wrong amount on credit/debit transaction yesterday; how do we fix it? Need to resolve."
"4-LDA","LDA","4","banking77","think rate apply purchase foreign currency wrong help","why is there an additional cost when making a direct item buy using seller's app or website for exchange rates?"
"4-LDA","LDA","4","banking77","think rate apply purchase foreign currency wrong help","had trouble with foreign currency rate during purchase, need help applying charge account money card extra fee payment correctly."
"4-LDA","LDA","4","banking77","think rate apply purchase foreign currency wrong help","what should I tell my bank about being charged the wrong amount on credit/debit transaction? Need to know how correct this."
"4-LDA","LDA","4","banking77","think rate apply purchase foreign currency wrong help","can you assist me in fixing an issue where I've been wrongly billed for a direct item buy using seller's app or website?"
"4-LDA","LDA","4","banking77","think rate apply purchase foreign currency wrong help","need help with understanding why there's charge account money card extra fee payment when I'm trying exchange rates at bank."
"4-LDA","LDA","4","banking77","think rate apply purchase foreign currency wrong help","my purchase got charged the wrong amount on credit/debit transaction, how do I get this corrected?"
"4-LDA","LDA","4","banking77","think rate apply purchase foreign currency wrong help","what can be done if I've been wrongly billed for foreign currency rate during a direct item buy using seller's app or website?"
"4-LDA","LDA","4","banking77","think rate apply purchase foreign currency wrong help","why am i being hit with an extra fee when I'm making purchases and trying to use charge account money card? Need assistance."
"4-LDA","LDA","4","banking77","think rate apply purchase foreign currency wrong help","is there any way we could fix the issue of wrong charges on my credit/debit transaction from last purchase?"
"4-LDA","LDA","4","banking77","think rate apply purchase foreign currency wrong help","need help in resolving a foreign currency rate application problem during online payment for direct item buy."
"4-LDA","LDA","4","banking77","think rate apply purchase foreign currency wrong help","encountered unexpected fees with international transactions, how do I resolve this and get correct charge account money card extra fee payments?"
"4-LDA","LDA","4","banking77","think rate apply purchase foreign currency wrong help","what should i tell customer service about being wrongly charged when using my credit/debit transaction? Need assistance to receive refund or fix the issue."
"4-LDA","LDA","4","banking77","think rate apply purchase foreign currency wrong help","help with currency conversion error"
"4-LDA","LDA","4","banking77","think rate apply purchase foreign currency wrong help","I need assistance in applying the wrong exchange rate to my purchase."
"4-LDA","LDA","4","banking77","think rate apply purchase foreign currency wrong help","My card was charged an extra fee during a foreign transaction, can you help?"
"4-LDA","LDA","4","banking77","think rate apply purchase foreign currency wrong help","I want advice regarding the incorrect amount displayed when using foreign cards. Can someone assist me?"" ""My card got declined due to issues related specifically around international purchases, can you provide some guidance?"
"4-LDA","LDA","4","banking77","think rate apply purchase foreign currency wrong help","I need assistance with applying the exchange rates for purchasing a different country's money."
"4-LDA","LDA","4","banking77","think rate apply purchase foreign currency wrong help","I'm confused about how to correctly use my card at an ATM abroad, can you assist?"
"4-LDA","LDA","4","banking77","think rate apply purchase foreign currency wrong help","incorrect rate apply to foreign currency purchase help"
"4-LDA","LDA","4","banking77","think rate apply purchase foreign currency wrong help","I need assistance with a wrong exchange charge on my card transaction."
"4-LDA","LDA","4","banking77","think rate apply purchase foreign currency wrong help","My payment went through but I was charged an extra fee, can you explain why?"
"4-LDA","LDA","4","banking77","think rate apply purchase foreign currency wrong help","I tried a card transaction today at my local ATM but encountered some issues; how do I resolve them?"" ""My app shows an incorrect payment date, can you help with that?"
"4-LDA","LDA","4","banking77","think rate apply purchase foreign currency wrong help","I'm having trouble understanding the fees associated when making payments directly through sellers. Can someone assist me?"" ""Is there any way to avoid extra charges on foreign currency transactions? Help needed!"
"4-LDA","LDA","4","banking77","think rate apply purchase foreign currency wrong help","I noticed a charge from my account I didn't authorize; what should be done about it?"" ""My card was declined, and I'm not sure why that happened during the payment process."
"4-LDA","LDA","4","banking77","think rate apply purchase foreign currency wrong help","need assistance with foreign currency exchange rate"
"4-LDA","LDA","4","banking77","think rate apply purchase foreign currency wrong help","I think I applied the wrong purchase amount for my international transaction."
"4-LDA","LDA","4","banking77","think rate apply purchase foreign currency wrong help","My card was charged an extra fee during a recent payment, and I'm unsure why it happened."
"4-LDA","LDA","4","banking77","think rate apply purchase foreign currency wrong help","I need help understanding how to use money transfer services between accounts. Can you guide me?"
"4-LDA","LDA","4","banking77","think rate apply purchase foreign currency wrong help","Is there any way we can tell if I've been wrongly told about the exchange rate for my foreign currency purchase?"
"4-LDA","LDA","4","banking77","think rate apply purchase foreign currency wrong help","I want assistance with getting refunded from a charge on our card."
"4-LDA","LDA","4","banking77","think rate apply purchase foreign currency wrong help","I'm having trouble using an app today, I can't make payments through it."
"4-LDA","LDA","4","banking77","think rate apply purchase foreign currency wrong help","I need help figuring out how to transfer money between accounts at ATMs. Can someone assist me?"
"4-LDA","LDA","4","banking77","think rate apply purchase foreign currency wrong help","Can you explain why my credit limit is lower than expected when making foreign currency purchases?"
"4-LDA","LDA","4","banking77","think rate apply purchase foreign currency wrong help","I was charged a fee on our card last month and I'm not sure what caused the extra charge."
"4-LDA","LDA","4","banking77","think rate apply purchase foreign currency wrong help","I need help with understanding how to use money transfer services for international payments."
"4-LDA","LDA","4","banking77","think rate apply purchase foreign currency wrong help","I'm concerned about an error in using cash at checkout, can you advise me?"
"4-LDA","LDA","4","banking77","think rate apply purchase foreign currency wrong help","Can someone explain why my payment failed due perhaps because of a wrong foreign currency rate?"
"4-LDA","LDA","4","banking77","think rate apply purchase foreign currency wrong help","I want assistance figuring out the correct way I should make purchases directly from sellers."
"4-LDA","LDA","4","banking77","think rate apply purchase foreign currency wrong help","I need help with understanding how to use money transfer services when buying items."
"4-LDA","LDA","4","banking77","think rate apply purchase foreign currency wrong help","I'm confused about using cash for transactions, can you provide some guidance?"
"4-LDA","LDA","4","banking77","think rate apply purchase foreign currency wrong help","Can someone assist me in explaining why my payment was declined due perhaps because of a wrong foreign currency rate?"
"4-LDA","LDA","4","banking77","think rate apply purchase foreign currency wrong help","I need help understanding how to use money transfer services when buying items."
"4-LDA","LDA","4","banking77","think rate apply purchase foreign currency wrong help","I'm confused about using cash for transactions, can you provide some"
"4-LDA","LDA","4","banking77","think rate apply purchase foreign currency wrong help","I think there's an issue with the exchange rates when I try to buy a different country's money."
"4-LDA","LDA","4","banking77","think rate apply purchase foreign currency wrong help","My card got charged for extra fees during my last payment, and I'm not sure why it happened. Can you assist?"
"4-LDA","LDA","4","banking77","think rate apply purchase foreign currency wrong help","I'm having trouble understanding how much I'll be paying in this transaction; could someone explain that rate again? Thanks!"
"4-LDA","LDA","4","banking77","think rate apply purchase foreign currency wrong help","Is there any way we can get our charge reversed because I believe there's a mistake on the account?"
"4-LDA","LDA","4","banking77","think rate apply purchase foreign currency wrong help","I need help with my payment, I'm trying to use another card but it's not going through."
"4-LDA","LDA","4","banking77","think rate apply purchase foreign currency wrong help","need assistance with exchange payment charge account money card extra fee transaction."
"4-LDA","LDA","4","banking77","think rate apply purchase foreign currency wrong help","I encountered a problem when trying to use my seller's method for international payments, need advice on the right way."
"4-LDA","LDA","4","banking77","think rate apply purchase foreign currency wrong help","Incorrect bank charges appearing; how do I resolve this? Assistance needed."
"4-LDA","LDA","4","banking77","think rate apply purchase foreign currency wrong help","How can we avoid being charged an additional rate during currency purchase and direct payment?"
"4-LDA","LDA","4","banking77","think rate apply purchase foreign currency wrong help","Is it possible that there's been some mistake with our account transfer today?"
"4-LDA","LDA","4","banking77","think rate apply purchase foreign currency wrong help","What should be done if a card is incorrectly used for international purchases?"" Need help understanding the correct process."
"4-LDA","LDA","4","banking77","think rate apply purchase foreign currency wrong help","I'm unsure about how to proceed when my money exchange was incorrect, any guidance would appreciate."
"4-LDA","LDA","4","banking77","think rate apply purchase foreign currency wrong help","Need clarification on why there might have happened an extra fee during payment using credit."
"4-LDA","LDA","4","banking77","think rate apply purchase foreign currency wrong help","Help with resolving issues related charge account and couple's shared funds transfer."
"4-LDA","LDA","4","banking77","think rate apply purchase foreign currency wrong help","What steps should I take if the foreign currency purchase rate is wrong?"" Need advice."
"4-LDA","LDA","4","banking77","think rate apply purchase foreign currency wrong help","How to address a problem when my card transaction was declined due in part because of exchange rates."
"4-LDA","LDA","4","banking77","think rate apply purchase foreign currency wrong help","Need assistance understanding why there might be an extra fee on international money transfers."
"4-LDA","LDA","4","banking77","think rate apply purchase foreign currency wrong help","What should I do if the foreign currency purchase rate is wrong?"" Need advice."
"4-LDA","LDA","4","banking77","think rate apply purchase foreign currency wrong help","help rate apply purchase foreign currency wrong help"
"4-LDA","LDA","4","banking77","think rate apply purchase foreign currency wrong help","I need assistance with the exchange rates for buying a different country's money."
"4-LDA","LDA","4","banking77","think rate apply purchase foreign currency wrong help","I'm confused about how to correctly charge my card and avoid extra fees when making an international payment."
"4-LDA","LDA","4","banking77","think rate apply purchase foreign currency wrong help","My account was charged twice last month during one of these transactions. Can someone assist?"
"4-LDA","LDA","4","banking77","think rate apply purchase foreign currency wrong help","How do I go through this process again? I'm unsure if I've done it right for currency exchange on a foreign credit/debit."
"4-LDA","LDA","4","banking77","think rate apply purchase foreign currency wrong help","I've been having trouble with my card being declined when trying to make an international purchase, any advice?"
"4-LDA","LDA","4","banking77","think rate apply purchase foreign currency wrong help","I'm looking into the possibility of using another app or service that might offer better rates and lower fees."
"4-LDA","LDA","4","banking77","think rate apply purchase foreign currency wrong help","Can someone explain why I was charged for currency conversion on a foreign transaction? It's quite confusing."
"4-LDA","LDA","4","banking77","think rate apply purchase foreign currency wrong help","I want help understanding how my bank handles these kinds couple transactions with extra charges. Is it normal?"
"4-LDA","LDA","4","banking77","think rate apply purchase foreign currency wrong help","I'm considering withdrawing cash at an ATM to avoid potential issues when buying in another country, any tips?"
"4-LDA","LDA","4","banking77","think rate apply purchase foreign currency wrong help","Is there something wrong if I am charged for using a card abroad? I'm worried about getting the rate applied incorrectly."
"4-LDA","LDA","4","banking77","think rate apply purchase foreign currency wrong help","I've been told that my bank might charge extra fees on international purchases. Can someone clarify this?"
"4-LDA","LDA","4","banking77","think rate apply purchase foreign currency wrong help","I'm thinking of trying an alternative method to make these payments, any suggestions?"
"4-LDA","LDA","4","banking77","think rate apply purchase foreign currency wrong help","Is it normal practice in your experience with banks for foreign transactions involving cards and money transfers? I need some advice."
"4-LDA","LDA","4","banking77","think rate apply purchase foreign currency wrong help","I've encountered issues where my card was not accepted when buying from a seller abroad. Can someone assist?"
"4-LDA","LDA","4","banking77","think rate apply purchase foreign currency wrong help","I'm curious about how the exchange rate is determined on these international purchases, any insights?"
"4-LDA","LDA","4","banking77","think rate apply purchase foreign currency wrong help","How do you ensure you're getting correct rates for foreign currency transactions at your bank? Any tips would be appreciated."
"4-LDA","LDA","4","banking77","think rate apply purchase foreign currency wrong help","I've noticed some extra fees popping up during my last few overseas payments. Can someone help me understand why?"
"4-LDA","LDA","4","banking77","think rate apply purchase foreign currency wrong help","I'm looking into the possibility of using a different card or method to avoid these charges when making international purchases."
"4-LDA","LDA","4","banking77","think rate apply purchase foreign currency wrong help","Is there any way I can get an immediate refund if I'm charged incorrectly for foreign currency exchange?"
"4-LDA","LDA","4","banking77","think rate apply purchase foreign currency wrong help","I'm trying out this new app that promises better rates and lower fees. Has anyone had success with it?"
"4-LDA","LDA","4","banking77","think rate apply purchase foreign currency wrong help","I've been advised by my bank to monitor the transaction closely, but it's still unclear what's happening."
"4-LDA","LDA","4","banking77","think rate apply purchase foreign currency wrong help","Is there a way I can avoid these extra charges when making an international purchase? Any advice would be helpful."
"4-LDA","LDA","4","banking77","think rate apply purchase foreign currency wrong help","I'm considering canceling this"
"4-LDA","LDA","4","banking77","think rate apply purchase foreign currency wrong help","help charge card money extra fee wrong"
"4-LDA","LDA","4","banking77","think rate apply purchase foreign currency wrong help","I need assistance with a payment error on my account, there's an unexpected foreign currency rate applied."
"4-LDA","LDA","4","banking77","think rate apply purchase foreign currency wrong help","I'm having trouble understanding the fees associated when I make purchases directly using credit cards. Can you help?"
"4-LDA","LDA","4","banking77","think rate apply purchase foreign currency wrong help","My friend and me encountered some issues while trying to transfer funds from our accounts yesterday; we might have incurred extra charges that were not expected."
"4-LDA","LDA","4","banking77","think rate apply purchase foreign currency wrong help","I want advice on how best use my card for a purchase, but I'm worried about potential additional fees."
"4-LDA","LDA","4","banking77","think rate apply purchase foreign currency wrong help","Is it possible I made an error when using the ATM? The transaction didn't go through as planned and now there's no money in our account. Can you help?"
"4-LDA","LDA","4","banking77","think rate apply purchase foreign currency wrong help","I'm confused by this charge that appeared after making some purchases; could there be any extra fee involved?"
"4-LDA","LDA","4","banking77","think rate apply purchase foreign currency wrong help","I need to understand why my card was declined today during a payment attempt, is it possible I made an error? Any assistance would greatly appreciated."
"4-LDA","LDA","4","banking77","think rate apply purchase foreign currency wrong help","Is the foreign currency exchange rate correct when using our cards abroad for transactions?"
"4-LDA","LDA","4","banking77","think rate apply purchase foreign currency wrong help","My credit account seems overcharged with fees; I'm unsure if it's been handled correctly. Can you provide some help?"
"4-LDA","LDA","4","banking77","think rate apply purchase foreign currency wrong help","I've noticed a discrepancy in my card's balance after making an online purchase, is there something wrong? I need assistance."
"4-LDA","LDA","4","banking77","think rate apply purchase foreign currency wrong help","Is it possible to get more information on how foreign currency rates are applied during international transactions?"
"4-LDA","LDA","4","banking77","think rate apply purchase foreign currency wrong help","I'm confused about the extra fees that were added when using our credit cards for purchases. Can you explain why this happened?"
"4-LDA","LDA","4","banking77","think rate apply purchase foreign currency wrong help","I made a payment and my card was declined, I'm not sure what went wrong with their system."
"4-LDA","LDA","4","banking77","think rate apply purchase foreign currency wrong help","Is there an error in how foreign currency is being handled during international transactions? I need help understanding it."" ""My account seems to have been charged incorrectly; can someone assist me?"
"4-LDA","LDA","4","banking77","think rate apply purchase foreign currency wrong help","I'm trying out direct purchases but keep running into issues. Could you guide us on avoiding extra fees?"
"4-LDA","LDA","4","banking77","think rate apply purchase foreign currency wrong help","I've encountered a problem with my card transaction, and I'm not sure how much money was deducted from our accounts."
"4-LDA","LDA","4","banking77","think rate apply purchase foreign currency wrong help","Is there an error in the way foreign currency exchange rates are applied during online payments? I need assistance."" ""My credit account seems to have been overcharged; can someone assist me?"
"4-LDA","LDA","4","banking77","think rate apply purchase foreign currency wrong help","I've noticed some extra fees on my card statement after making a purchase, I'm not sure why this happened. Can you help?"
"4-LDA","LDA","4","banking77","think rate apply purchase foreign currency wrong help","I'm confused about the charge that appeared in our accounts today and think there might be an error."" ""My credit account was charged unexpectedly when I made purchases"
"4-LDA","LDA","4","banking77","think rate apply purchase foreign currency wrong help","Sure, here are 25 examples of texts related to the banking text domain:"
"4-LDA","LDA","4","banking77","think rate apply purchase foreign currency wrong help","need assistance with currency conversion charge"
"4-LDA","LDA","4","banking77","think rate apply purchase foreign currency wrong help","getting charged for foreign transaction fee again?"
"4-LDA","LDA","4","banking77","think rate apply purchase foreign currency wrong help","unable to process card payment due extra fees last time."
"4-LDA","LDA","4","banking77","think rate apply purchase foreign currency wrong help","experiencing issues when trying a direct purchase, seems like an exchange rate problem."
"4-LDA","LDA","4","banking77","think rate apply purchase foreign currency wrong help","struggling because of the additional cost on my money transfer."
"4-LDA","LDA","4","banking77","think rate apply purchase foreign currency wrong help","I need help understanding why there's been another service charge this month. Is it related?"
"4-LDA","LDA","4","banking77","think rate apply purchase foreign currency wrong help","is there any way to avoid these foreign transaction fees?"
"4-LDA","LDA","4","banking77","think rate apply purchase foreign currency wrong help","how do I get in touch if I'm being charged incorrectly for a card purchase abroad?"
"4-LDA","LDA","4","banking77","think rate apply purchase foreign currency wrong help","why am i seeing extra charges on my account when using the app, is that normal payment processing fee?"
"4-LDA","LDA","4","banking77","think rate apply purchase foreign currency wrong help","can someone explain why there's an unexpected charge after buying something with money transfer?"
"4-LDA","LDA","4","banking77","think rate apply purchase foreign currency wrong help","my bank says there are fees associated; how much should I expect?"
"4-LDA","LDA","4","banking77","think rate apply purchase foreign currency wrong help","what steps do we need to take if a card transaction goes wrong due exchange rate issues?"
"4-LDA","LDA","4","banking77","think rate apply purchase foreign currency wrong help","is it possible for me not have enough funds and still make the payment through my app, is that why it's declined?"
"4-LDA","LDA","4","banking77","think rate apply purchase foreign currency wrong help","can someone explain this extra fee I'm seeing on top of regular charges?"
"4-LDA","LDA","4","banking77","think rate apply purchase foreign currency wrong help","I tried using money transfer but there was an error; do I need to try another method?"
"4-LDA","LDA","4","banking77","think rate apply purchase foreign currency wrong help","what's happening with these additional fees when making a purchase directly? Is it normal or should we look into the issue further?"
"4-LDA","LDA","4","banking77","think rate apply purchase foreign currency wrong help","how long does currency conversion take, is that why there's been such delay in my payment processing?"
"4-LDA","LDA","4","banking77","think rate apply purchase foreign currency wrong help","I'm confused about this extra charge for using money transfer; can someone clarify if it's correct?"
"4-LDA","LDA","4","banking77","think rate apply purchase foreign currency wrong help","there seems to be an error with a recent transaction on our account. Can we resolve it quickly?"
"4-LDA","LDA","4","banking77","think rate apply purchase foreign currency wrong help","is the fee I'm seeing from last week's purchase still valid, or did I miss something?"
"4-LDA","LDA","4","banking77","think rate apply purchase foreign currency wrong help","what's causing these unexpected charges when making payments through my card?"
"4-LDA","LDA","4","banking77","think rate apply purchase foreign currency wrong help","why are fees being added during money transfer transactions?"
"4-LDA","LDA","4","banking77","think rate apply purchase foreign currency wrong help","is there an issue with currency conversion rates affecting our international purchases?"
"4-LDA","LDA","4","banking77","think rate apply purchase foreign currency wrong help","do we need to contact customer service about this extra fee on the last payment? Is it normal for a foreign transaction?"
"4-LDA","LDA","4","banking77","think rate apply purchase foreign currency wrong help","can someone explain why there's been another charge after my purchase?"
"4-LDA","LDA","4","banking77","think rate apply purchase foreign currency wrong help","isn't using card payments supposed get rid of these additional fees?"
"4-LDA","LDA","4","banking77","think rate apply purchase foreign currency wrong help","what's causing delays in processing money transfer transactions?"
"4-LDA","LDA","4","banking77","think rate apply purchase foreign currency wrong help","can we look into an issue with currency conversion rates affecting our purchases, it's costing us extra."
"4-LDA","LDA","4","banking77","think rate apply purchase foreign currency wrong help","how do I know if I'm being charged correctly for a foreign transaction? Is there any way to verify?"
"4-LDA","LDA","4","banking77","think rate apply purchase foreign currency wrong help","I think the exchange fee was applied incorrectly to my transaction, can you assist?"
"4-LDA","LDA","4","banking77","think rate apply purchase foreign currency wrong help","There seems like an extra charge on our account for this recent payment."
"4-LDA","LDA","4","banking77","think rate apply purchase foreign currency wrong help","I'm having trouble with a money transfer; could we go over it together please?"" ""My card got declined and I need some assistance in resolving why that happened."
"4-LDA","LDA","4","banking77","think rate apply purchase foreign currency wrong help","Could someone explain the fee that's been added to my last purchase?"
"4-LDA","LDA","4","banking77","think rate apply purchase foreign currency wrong help","I was told I'd be charged more than usual for this payment, is there an error here? Can you help me understand how much I'm paying now?"
"4-LDA","LDA","4","banking77","think rate apply purchase foreign currency wrong help","I'm confused about a charge on our account; could we look into it together?"
"4-LDA","LDA","4","banking77","think rate apply purchase foreign currency wrong help","Is that extra money fee from the seller really necessary or can I get around to not having paid?"
"4-LDA","LDA","4","banking77","think rate apply purchase foreign currency wrong help","I tried using my card for payment, but there was an issue. Can you help me sort this out? I'm worried I've been charged incorrectly."
"4-LDA","LDA","4","banking77","think rate apply purchase foreign currency wrong help","I'm seeing a foreign currency exchange rate applied wrongly on our purchase; how do we fix that?"
"4-LDA","LDA","4","banking77","think rate apply purchase foreign currency wrong help","Is it possible there's some mistake with the fee I just got billed?"
"4-LDA","LDA","4","banking77","think rate apply purchase foreign currency wrong help","I attempted to make my payment using another card, but there was an extra charge. Can you help me understand why this happened? Is something wrong?"
"4-LDA","LDA","4","banking77","think rate apply purchase foreign currency wrong help","I'm having trouble understanding a recent transaction on our account; could we look into that together?"
"4-LDA","LDA","4","banking77","think rate apply purchase foreign currency wrong help","Could someone explain how the foreign currency exchange rate is applied in these transactions?"
"4-LDA","LDA","4","banking77","think rate apply purchase foreign currency wrong help","Is there a possibility that the wrong exchange rate has affected our recent transaction?"
"4-LDA","LDA","4","banking77","think rate apply purchase foreign currency wrong help","I received some unexpected charges on top of using my credit/debit, can someone assist with these fees? They don't seem right."
"4-LDA","LDA","4","banking77","think rate apply purchase foreign currency wrong help","I'm confused about this charge; is it possible to get refunded or will I need extra money?"
"4-LDA","LDA","4","banking77","think rate apply purchase foreign currency wrong help","Can we go over the payment process for today because I'm not seeing how I've been charged?"
"4-LDA","LDA","4","banking77","think rate apply purchase foreign currency wrong help","I think there might be a mistake in my account since there's an unexpected fee, can someone help me with that? What should our next steps look like?"
"4-LDA","LDA","4","banking77","think rate apply purchase foreign currency wrong help","I'm having trouble understanding why I was hit extra fees during this purchase; could you clarify the charges?"
"4-LDA","LDA","4","banking77","think rate apply purchase foreign currency wrong help","Is it possible to get assistance on how these foreign currency exchange rates are calculated for transactions?"
"4-LDA","LDA","4","banking77","think rate apply purchase foreign currency wrong help","need assistance with exchange charge on card payment extra fee transaction seller's side."
"4-LDA","LDA","4","banking77","think rate apply purchase foreign currency wrong help","I want to know if I can get a refund for an incorrect money transfer. Can you guide me through the process?"
"4-LDA","LDA","4","banking77","think rate apply purchase foreign currency wrong help","My credit union charged my account last month and I'm not sure why; do they have any fees associated? What should we look into here?"
"4-LDA","LDA","4","banking77","think rate apply purchase foreign currency wrong help","I need help understanding how foreign currency rates apply when making purchases with different cards."
"4-LDA","LDA","4","banking77","think rate apply purchase foreign currency wrong help","Is it possible to receive a refund if I was overcharged on an international payment due today?"
"4-LDA","LDA","4","banking77","think rate apply purchase foreign currency wrong help","I accidentally used the wrong card for my purchase and got charged; can you assist me in resolving this issue? What steps should we take next?"
"4-LDA","LDA","4","banking77","think rate apply purchase foreign currency wrong help","I want help understanding how exchange rates work when using different cards."
"4-LDA","LDA","4","banking77","think rate apply purchase foreign currency wrong help","Can someone explain why there are extra fees with certain payments, especially on foreign transactions?"
"4-LDA","LDA","4","banking77","think rate apply purchase foreign currency wrong help","I've been trying to make a withdrawal but the card isn't working; do you have any advice for this situation? What should I try next?"
"4-LDA","LDA","4","banking77","think rate apply purchase foreign currency wrong help","I need assistance understanding how purchase rates apply when using my credit union account."
"4-LDA","LDA","4","banking77","think rate apply purchase foreign currency wrong help","Is it possible that there's an error with international money transfers and extra fees are being charged unexpectedly?"
"4-LDA","LDA","4","banking77","think rate apply purchase foreign currency wrong help","I've been having trouble getting a refund on the last transaction; can you guide me through what to do? What steps should I take?"
"4-LDA","LDA","4","banking77","think rate apply purchase foreign currency wrong help","I want help understanding how exchange rates apply when making purchases directly from my app."
"4-LDA","LDA","4","banking77","think rate apply purchase foreign currency wrong help","Is there an issue with using credit cards for international transactions that could lead us into extra fees or charges?"
"4-LDA","LDA","4","banking77","think rate apply purchase foreign currency wrong help","I've been charged a fee on the last transaction; can you explain why this happened and what I should do about it?"
"4-LDA","LDA","4","banking77","think rate apply purchase foreign currency wrong help","I need assistance understanding how to get money out of my account at ATMs, especially when there are issues."
"4-LDA","LDA","4","banking77","think rate apply purchase foreign currency wrong help","Is an incorrect rate being applied during foreign currency purchases causing extra fees? How does that work?"
"4-LDA","LDA","4","banking77","think rate apply purchase foreign currency wrong help","I've been charged a fee for using the wrong card; can you explain why this happened and what I should do about it?"
"4-LDA","LDA","4","banking77","think rate apply purchase foreign currency wrong help","I need help understanding how to use my credit union account properly, especially with international transactions."
"4-LDA","LDA","4","banking77","think rate apply purchase foreign currency wrong help","Is there an issue when trying foreign currency purchases through different cards that could lead us into extra fees or charges?"
"4-LDA","LDA","4","banking77","think rate apply purchase foreign currency wrong help","I've been having trouble getting a refund on the last transaction; can you guide me though what steps I should take?"
"4-LDA","LDA","4","banking77","think rate apply purchase foreign currency wrong help","I want help understanding how to use my credit union account properly, especially with"
"4-LDA","LDA","4","banking77","think rate apply purchase foreign currency wrong help","incorrect rate apply to currency exchange help"
"4-LDA","LDA","4","banking77","think rate apply purchase foreign currency wrong help","need assistance with foreign transaction fee on card purchase."
"4-LDA","LDA","4","banking77","think rate apply purchase foreign currency wrong help","I can't seem to understand why there's been another fee on top of what I'm charged when I use a card abroad."
"4-LDA","LDA","4","banking77","think rate apply purchase foreign currency wrong help","My credit/debit cards are being hit by unexpected costs when I use them internationally. Who should help?"
"4-LDA","LDA","4","banking77","think rate apply purchase foreign currency wrong help","I'm facing issues with foreign transaction rates on card payments, and I'm not sure how to resolve this."
"4-LDA","LDA","4","banking77","think rate apply purchase foreign currency wrong help","My card was charged incorrectly when used abroad and I'm not sure how to proceed."
"4-LDA","LDA","4","banking77","think rate apply purchase foreign currency wrong help","I'm facing difficulties with the additional fee for using my credit/debit cards internationally; who can assist?"
"4-LDA","LDA","4","banking77","think rate apply purchase foreign currency wrong help","Need guidance regarding a wrong charge due international payment through bank app. Who should I contact?"" ""I've been overcharged during an overseas transaction, need help resolving this issue."
"4-LDA","LDA","4","banking77","think rate apply purchase foreign currency wrong help","My card is being charged extra fees when used abroad and I'm not sure how to handle it."
"4-LDA","LDA","4","banking77","think rate apply purchase foreign currency wrong help","I am facing issues with the foreign exchange rate applied on my purchase; who can assist me?"
"4-LDA","LDA","4","banking77","think rate apply purchase foreign currency wrong help","Need assistance in understanding why I was hit by a fee during an international transaction using credit/debit cards. Who should help?"" ""I've encountered incorrect charges due for transactions made abroad, need guidance."
"4-LDA","LDA","4","banking77","think rate apply purchase foreign currency wrong help","My card is being charged extra fees when used internationally and I'm not sure how to handle it."
"4-LDA","LDA","4","banking77","think rate apply purchase foreign currency wrong help","I'm confused about why there's been an additional fee during a cross-border transaction. Who should help?"" ""I've encountered unexpected charges due for international purchases, need guidance."
"4-LDA","LDA","4","banking77","think rate apply purchase foreign currency wrong help","need help with currency conversion rate apply wrong purchase foreign money"
"4-LDA","LDA","4","banking77","think rate apply purchase foreign currency wrong help","incorrect exchange charge on my account need assistance fixing it please assist me immediately"
"4-LDA","LDA","4","banking77","think rate apply purchase foreign currency wrong help","looking for a way to get the right amount when converting currencies before making an international payment got any tips?"
"4-LDA","LDA","4","banking77","think rate apply purchase foreign currency wrong help","I encountered extra fees during this week's transactions, could you guide how I can avoid them in future payments?"
"4-LDA","LDA","4","banking77","think rate apply purchase foreign currency wrong help","my card was charged twice yesterday without my consent need help resolving these duplicate charges"
"4-LDA","LDA","4","banking77","think rate apply purchase foreign currency wrong help","tried using a foreign currency app but it didn't work correctly for me. Can someone assist?"" ""I am confused about the exchange rate being applied to our purchase, who should we contact?"
"4-LDA","LDA","4","banking77","think rate apply purchase foreign currency wrong help","I had an issue with getting refunded in another country's money after making online purchases can you help?"
"4-LDA","LDA","4","banking77","think rate apply purchase foreign currency wrong help","trying different payment methods and still facing issues when buying from international sellers any advice on how I could solve this?"
"4-LDA","LDA","4","banking77","think rate apply purchase foreign currency wrong help","my card got declined during a foreign currency transaction last night, need guidance"" ""I am not sure if the rate applied was correct for my purchase in another country. Can someone assist me with that?"
"4-LDA","LDA","4","banking77","think rate apply purchase foreign currency wrong help","I received an unexpected fee while trying to use money from abroad at ATMs yesterday is there any way I can get this resolved?"
"4-LDA","LDA","4","banking77","think rate apply purchase foreign currency wrong help","trying multiple apps but can't seem right foreign currency exchange rates are confusing help needed"
"4-LDA","LDA","4","banking77","think rate apply purchase foreign currency wrong help","my last transaction was charged in the wrong amount, how do we correct it and avoid extra fees next time?"
"4-LDA","LDA","4","banking77","think rate apply purchase foreign currency wrong help","I am facing difficulties with receiving a refund for an international purchase made on my card. Can someone assist me?"
"4-LDA","LDA","4","banking77","think rate apply purchase foreign currency wrong help","trying to make direct payments but keep getting stuck at foreign currency exchange rate issues any help would be appreciated"
"4-LDA","LDA","4","banking77","think rate apply purchase foreign currency wrong help","my bank is charging exorbitant rates when I convert money internationally, how can we fix this? Need immediate assistance."
"4-LDA","LDA","4","banking77","think rate apply purchase foreign currency wrong help","I am having trouble understanding why there are extra fees during my international purchases. Can someone explain?"
"4-LDA","LDA","4","banking77","think rate apply purchase foreign currency wrong help","trying to understand the different transaction charges for using a foreign card abroad and need some help"
"4-LDA","LDA","4","banking77","think rate apply purchase foreign currency wrong help","the rate applied on last purchase was incorrect when I bought from an overseas seller, how do we resolve this?"
"4-LDA","LDA","4","banking77","think rate apply purchase foreign currency wrong help","I am having trouble with receiving money in another currency after making purchases online. Can someone assist me?"
"4-LDA","LDA","4","banking77","think rate apply purchase foreign currency wrong help","trying to get the right exchange rates for my international payments but keep getting charged extra fees help needed"
"4-LDA","LDA","4","banking77","think rate apply purchase foreign currency wrong help","my foreign card transaction was declined and I don't understand why, can you provide some assistance?"
"4-LDA","LDA","4","banking77","think rate apply purchase foreign currency wrong help","I am facing issues with receiving money in a different currency after"
"4-LDA","LDA","4","banking77","think rate apply purchase foreign currency wrong help","need help with currency conversion rate"" ""I want assistance on how much it costs in foreign exchange."" ""I'm confused about applying my card for a purchase abroad and need guidance."
"4-LDA","LDA","4","banking77","think rate apply purchase foreign currency wrong help","My payment went through but I got charged an extra fee unexpectedly. Can you explain?"" ""There was something wrong when trying to use the seller's account; can someone assist me?"
"4-LDA","LDA","4","banking77","think rate apply purchase foreign currency wrong help","How do we handle currency conversion rates during online purchases in another country? Need help."" ""I encountered a problem with my card transfer, need assistance immediately."
"4-LDA","LDA","4","banking77","think rate apply purchase foreign currency wrong help","I'm unsure about how much I should be charged for using money from an ATM. Can you clarify?"" ""There seems to have been some mistake; can someone assist me on this matter?"
"4-LDA","LDA","4","banking77","think rate apply purchase foreign currency wrong help","How do we go through the process of making payments in different currencies? Need help."" ""I tried my card and it didn't work, need assistance."
"4-LDA","LDA","4","banking77","think rate apply purchase foreign currency wrong help","How do people usually handle extra fees during international transactions? Need help."" ""I had some issues while trying my card, need assistance."
"4-LDA","LDA","4","banking77","think rate apply purchase foreign currency wrong help","I'm confused about how the exchange rate works for foreign currency purchases. Can you explain?"" ""There was an issue with a transaction involving money transfer between accounts; can someone assist me?"
"4-LDA","LDA","4","banking77","think rate apply purchase foreign currency wrong help","How do I get in touch if there's been any mistake during payment? Need help."" ""I am not sure what to expect when using my card abroad, need assistance."
"4-LDA","LDA","4","banking77","think rate apply purchase foreign currency wrong help","I'm having trouble understanding how the exchange rate affects purchases. Can you clarify?"" ""There was an issue with a money transfer between accounts; can someone assist me?"
"4-LDA","LDA","4","banking77","think rate apply purchase foreign currency wrong help","How do I resolve issues related specifically involving foreign currency? Need help."" ""I encountered some problems while trying to make payment using my card, need assistance."
"4-LDA","LDA","4","banking77","think rate apply purchase foreign currency wrong help","I'm not sure about how much the exchange rate should be. Can you clarify?"" ""There was an issue with a transaction between accounts; can someone assist me?"
"4-LDA","LDA","4","banking77","think rate apply purchase foreign currency wrong help","How do I resolve issues related specifically involving foreign currency? Need help."" ""I had some problems while trying to make payment using my card, need assistance."
"4-LDA","LDA","4","banking77","think rate apply purchase foreign currency wrong help","I'm not sure about how much the exchange rate should be. Can you clarify?"" ""There was an issue with a money transfer between accounts; can someone assist me?"
"4-LDA","LDA","4","banking77","think rate apply purchase foreign currency wrong help","How do I resolve issues related specifically involving foreign currency? Need help."" ""I"
"4-LDA","LDA","4","banking77","think rate apply purchase foreign currency wrong help","need help with currency conversion rate"
"4-LDA","LDA","4","banking77","think rate apply purchase foreign currency wrong help","want to understand how foreign exchange works for my purchase in another country."
"4-LDA","LDA","4","banking77","think rate apply purchase foreign currency wrong help","I am confused about the fees associated when converting money at an ATM abroad, can you assist?"
"4-LDA","LDA","4","banking77","think rate apply purchase foreign currency wrong help","I need guidance to avoid any unnecessary fees when transferring money internationally."" ""I want advice on how best not get overcharged during foreign currency exchange at an ATM or online bank transfer. Any tips?"
"4-LDA","LDA","4","banking77","think rate apply purchase foreign currency wrong help","Is there a way I can prevent being stuck with extra charges for international payments?"" ""I'm curious about the most cost-effective methods of sending and receiving funds across borders."
"4-LDA","LDA","4","banking77","think rate apply purchase foreign currency wrong help","My friend had issues with his card being blocked when trying to make purchases in another country, any advice on what happened there?"
"4-LDA","LDA","4","banking77","think rate apply purchase foreign currency wrong help","need assistance with foreign currency conversion rate"
"4-LDA","LDA","4","banking77","think rate apply purchase foreign currency wrong help","I encountered an issue when trying to apply the exchange fee on my purchase, can you help?"
"4-LDA","LDA","4","banking77","think rate apply purchase foreign currency wrong help","My card was charged twice for a single transaction yesterday; how do I resolve this payment error? Help!"
"4-LDA","LDA","4","banking77","think rate apply purchase foreign currency wrong help","I'm confused about why there's extra money taken from me during international transactions. Can someone assist with correcting it?"
"4-LDA","LDA","4","banking77","think rate apply purchase foreign currency wrong help","Is there an option available to tell the seller that I'm having trouble using my credit/debit cards?"
"4-LDA","LDA","4","banking77","think rate apply purchase foreign currency wrong help","I need help understanding if a foreign transaction fee will be charged on this purchase."" Question: What should I do when I've been incorrectly billed for additional fees during international transactions?"
"4-LDA","LDA","4","banking77","think rate apply purchase foreign currency wrong help","I'm not sure how much extra money was taken from me with an ATM withdrawal. Can someone assist?"
"4-LDA","LDA","4","banking77","think rate apply purchase foreign currency wrong help","How can we get our payment to go through successfully without any unexpected charges?"
"4-LDA","LDA","4","banking77","think rate apply purchase foreign currency wrong help","I've noticed a foreign currency conversion rate being applied that seems incorrect; who should I contact for assistance on this matter? Help!"
"4-LDA","LDA","4","banking77","think rate apply purchase foreign currency wrong help","I'm unsure about the extra fees associated when using my card abroad, could you provide some guidance?"
"4-LDA","LDA","4","banking77","think rate apply purchase foreign currency wrong help","Is there an option available to tell me why I'm charged more than expected during international purchases?"
"4-LDA","LDA","4","banking77","think rate apply purchase foreign currency wrong help","I've noticed a foreign transaction fee being applied and it seems higher. Can someone assist with this issue? Help!"
"4-LDA","LDA","4","banking77","think rate apply purchase foreign currency wrong help","I'm confused about the extra fees associated when using my card abroad, could you provide some guidance?"
"0-MATAVE","MATAVE","0","banking77","hello face issue new card payment decline help issue","face issue with new card payment declined assistance needed for resolution"
"0-MATAVE","MATAVE","0","banking77","hello face issue new card payment decline help issue","seeking help to resolve an American Express chargeback situation on a Saturday morning transaction."
"0-MATAVE","MATAVE","0","banking77","hello face issue new card payment decline help issue","I'm experiencing trouble activating my virtual disposable credit machine and need advice immediately, please assist!"
"0-MATAVE","MATAVE","0","banking77","hello face issue new card payment decline help issue","I've encountered twice the amount charged incorrectly using foreign currency abroad; I require immediate rectification. Help me hide this electronic mess before it escalates further."
"0-MATAVE","MATAVE","0","banking77","hello face issue new card payment decline help issue","I am unable to determine how post services are working for an international package due on Saturday—please advise."
"0-MATAVE","MATAVE","0","banking77","hello face issue new card payment decline help issue","Can you help activate my new account? My previous attempts at activation have been unsuccessful, and I'm seeking advice urgently!"
"0-MATAVE","MATAVE","0","banking77","hello face issue new card payment decline help issue","I need assistance with activating a virtual disposable card; the machine isn't responding as expected. Help me troubleshoot this issue immediately."
"0-MATAVE","MATAVE","0","banking77","hello face issue new card payment decline help issue","I'm having trouble accessing an overseas bank due to incorrect pin entry—can someone advise on how I can resolve it?"
"0-MATAVE","MATAVE","0","banking77","hello face issue new card payment decline help issue","How do you determine whether my electronic payment has been successful? I've received no confirmation, and I'm concerned about potential fraud."
"0-MATAVE","MATAVE","0","banking77","hello face issue new card payment decline help issue","I need help with activating a virtual disposable card; the machine isn't responding as expected. Help me troubleshoot this issue immediately."
"0-MATAVE","MATAVE","0","banking77","hello face issue new card payment decline help issue","I'm seeking advice for handling double charges from American Express—I suspect fraud and require immediate assistance."
"0-MATAVE","MATAVE","0","banking77","hello face issue new card payment decline help issue","I need help with determining if my post has been delivered accurately; the tracking information is not reflecting actual delivery times. Please assist!"
"0-MATAVE","MATAVE","0","banking77","hello face issue new card payment decline help issue","I have a problem activating an electronic payment—I'm receiving error messages, can someone advise on how to resolve this?"
"0-MATAVE","MATAVE","0","banking77","hello face issue new card payment decline help issue","I'm having trouble accessing virtual disposable card services due overseas—I suspect there may be issues with international transactions and need advice."
"0-MATAVE","MATAVE","0","banking77","hello face issue new card payment decline help issue","I've been advised incorrectly by customer service; I require accurate information for my credit activation process. Can you help me correct the misinformation?"
"0-MATAVE","MATAVE","0","banking77","hello face issue new card payment decline help issue","card payment declined assistance needed new card issue help with rejection"
"0-MATAVE","MATAVE","0","banking77","hello face issue new card payment decline help issue","customer unable to confirm pin on virtual disposable machine alert for fraud prevention twice attempted american express transaction blocked secure your account details promptly "" ""saturday foreign exchange rate fluctuation impact international transfers accuracy required advice post-transaction confirmation successful activation steps please provide guidance regarding the electronic messaging system malfunction prevent unauthorized access ensure proper functioning of security features"
"0-MATAVE","MATAVE","0","banking77","hello face issue new card payment decline help issue","experiencing issues with activating new credit card advise on necessary procedures for immediate resolution assistance needed to determine cause behind unsuccessful account activity notification prompt customer support response desired before proceeding further activate online banking service troubleshoot connectivity problem"
"0-MATAVE","MATAVE","0","banking77","hello face issue new card payment decline help issue","unable confirm pin code during virtual disposable machine login twice encountered american express payment rejection resolve issue promptly provide instructions correct action required secure transaction completion ensure accurate processing of financial details advise on troubleshooting steps for successful activation and usage"
"0-MATAVE","MATAVE","0","banking77","hello face issue new card payment decline help issue","seeking advice regarding inability to use new credit card assistance needed with potential security concerns about foreign transactions recommend immediate customer support engagement verify account status before proceeding activate virtual disposable machine service troubleshoot connection issues confirm electronic communication settings post-activation guidance required"
"0-MATAVE","MATAVE","0","banking77","hello face issue new card payment decline help issue","credit line inactivated due unauthorized access suspected fraudulent activity alert american express transaction declined multiple attempts correct action steps for resolution and re-establishment of credit limit advise on how to proceed with securing financial information prevent further potential security breaches ensure proper account activation process follow-up needed after initial customer support interaction"
"0-MATAVE","MATAVE","0","banking77","hello face issue new card payment decline help issue","experiencing difficulties confirming pin code during virtual disposable machine login twice attempted transactions using different payment methods american express card declined assistance required troubleshooting connectivity issues between banking service and online platform advice for resolving electronic communication discrepancies"
"0-MATAVE","MATAVE","0","banking77","hello face issue new card payment decline help issue","unable to complete credit line inactivation due suspected fraudulent activity alert multiple failed attempts with various cards customer support engagement needed activation of new account features ensure secure transaction processing verify personal identification details before proceeding assist user through initial setup steps confirm successful connection post-setup"
"0-MATAVE","MATAVE","0","banking77","hello face issue new card payment decline help issue","unable activate virtual disposable machine service twice attempted american express payment declined assistance required troubleshooting connectivity issues between banking platform and online services prompt advice on resolving electronic communication discrepancies advise customer to contact support for further investigation"
"0-MATAVE","MATAVE","0","banking77","hello face issue new card payment decline help issue","credit card inactivation issue due suspected fraudulent activity multiple failed attempts correct action steps recommended verify account status before proceeding assist with re-establishing credit limit ensure secure transaction processing confirm personal identification details prior activation of new features follow-up required post-setup"
"0-MATAVE","MATAVE","0","banking77","hello face issue new card payment decline help issue","unable complete virtual disposable machine login twice encountered american express payment declined assistance needed troubleshooting connectivity issues between banking platform and online services prompt advice on resolving electronic communication discrepancies"
"0-MATAVE","MATAVE","0","banking77","hello face issue new card payment decline help issue","unable to verify pin code during first-time use with a newly issued credit"
"0-MATAVE","MATAVE","0","banking77","hello face issue new card payment decline help issue","card payment declined assistance needed new card activation help"
"0-MATAVE","MATAVE","0","banking77","hello face issue new card payment decline help issue","issue with american express statement not reflecting charges advice required for resolution issue quick fix need immediate attention on virtual account access blocked by pin verification failed attempt to use foreign transaction today rate error encountered during online booking process customer service unable confirm details of electronic message received correct procedure unknown please advise"
"0-MATAVE","MATAVE","0","banking77","hello face issue new card payment decline help issue","saturday international transfer delay assistance needed accurate action requested activation failure with new banking app multiple attempts unsuccessful advice required for resolution issue quick fix need immediate attention on virtual account access blocked by pin verification failed attempt to use foreign transaction today rate error encountered during online booking process customer service unable confirm details of electronic message received correct procedure unknown please advise"
"0-MATAVE","MATAVE","0","banking77","hello face issue new card payment decline help issue","suspicious activity detected twice alert raised regarding american express card assistance needed activation failure with new banking app multiple attempts unsuccessful advice required for resolution issue quick fix need immediate attention on virtual account access blocked by pin verification failed attempt to use foreign transaction today rate error encountered during online booking process customer service unable confirm details of electronic message received correct procedure unknown please advise"
"0-MATAVE","MATAVE","0","banking77","hello face issue new card payment decline help issue","surety bond claim rejected assistance needed activation failure with new banking app multiple attempts unsuccessful advice required for resolution issue quick fix need immediate attention on virtual account access blocked by pin verification failed attempt to use foreign transaction today rate error encountered during online booking process customer service unable confirm details of electronic message received correct procedure unknown please advise"
"0-MATAVE","MATAVE","0","banking77","hello face issue new card payment decline help issue","surety bond claim rejected assistance needed activation failure with new banking app multiple attempts unsuccessful advice required for resolution issue quick fix need immediate attention on virtual account access blocked by pin verification failed attempt to"
"0-MATAVE","MATAVE","0","banking77","hello face issue new card payment decline help issue","new card declined help issue resolution"
"0-MATAVE","MATAVE","0","banking77","hello face issue new card payment decline help issue","request assistance with a blocked payment attempt on American Express account."
"0-MATAVE","MATAVE","0","banking77","hello face issue new card payment decline help issue","I need to understand why my virtual disposable morning machine transaction was stolen twice, please advise."
"0-MATAVE","MATAVE","0","banking77","hello face issue new card payment decline help issue","I'm experiencing problems activating an electronic mess; can you assist me in determining the correct post?"
"0-MATAVE","MATAVE","0","banking77","hello face issue new card payment decline help issue","Please provide advice for resolving issues when unable access foreign abroad services accurately and consistently."
"0-MATAVE","MATAVE","0","banking77","hello face issue new card payment decline help issue","How do I activate a new card if I'm having trouble with my American Express account activation process? Need help."
"0-MATAVE","MATAVE","0","banking77","hello face issue new card payment decline help issue","I've noticed discrepancies on an accurate rate; can you advise me how to resolve this issue?"
"0-MATAVE","MATAVE","0","banking77","hello face issue new card payment decline help issue","Is there any way for someone without access rights abroad in our system, but who needs it urgently?"
"0-MATAVE","MATAVE","0","banking77","hello face issue new card payment decline help issue","How do I determine if a transaction is actually successful or just processed when trying out the new virtual disposable morning machine service?"
"0-MATAVE","MATAVE","0","banking77","hello face issue new card payment decline help issue","I'd like some advice on how to properly activate my account and troubleshoot an issue with electronic mess services."
"0-MATAVE","MATAVE","0","banking77","hello face issue new card payment decline help issue","Can you help me figure why I'm unable access American Express using incorrect pin details, please advise?"
"0-MATAVE","MATAVE","0","banking77","hello face issue new card payment decline help issue","I need assistance in determining if a post was actually delivered or just processed when I used the new virtual disposable morning machine service."
"0-MATAVE","MATAVE","0","banking77","hello face issue new card payment decline help issue","I need assistance in determining if a transaction is actually successful or just processed when trying out the new virtual disposable morning machine service."
"0-MATAVE","MATAVE","0","banking77","hello face issue new card payment decline help issue","face issue with new card payment declined assistance needed for this problem"
"0-MATAVE","MATAVE","0","banking77","hello face issue new card payment decline help issue","getting help on a rejected American Express transaction today please assist me immediately."
"0-MATAVE","MATAVE","0","banking77","hello face issue new card payment decline help issue","I need support regarding my failed debit attempt, can someone guide us through the resolution process?"
"0-MATAVE","MATAVE","0","banking77","hello face issue new card payment decline help issue","My virtual disposable morning machine is not functioning correctly; I require technical aid to fix it."
"0-MATAVE","MATAVE","0","banking77","hello face issue new card payment decline help issue","Encountered an issue with card payment declined. Can you provide assistance?"
"0-MATAVE","MATAVE","0","banking77","hello face issue new card payment decline help issue","I am experiencing a problem and would like help resolving this credit/debit transaction failure."
"0-MATAVE","MATAVE","0","banking77","hello face issue new card payment decline help issue","I need advice on how we can prevent our American Express account from being blocked due for suspected fraud activities."
"0-MATAVE","MATAVE","0","banking77","hello face issue new card payment decline help issue","My debit attempt was unsuccessful, I require guidance to understand why it happened."
"0-MATAVE","MATAVE","0","banking77","hello face issue new card payment decline help issue","How do you handle incorrect PIN entry during a virtual disposable machine session?"
"0-MATAVE","MATAVE","0","banking77","hello face issue new card payment decline help issue","I am seeking assistance with an issue related my failed electronic transaction and need help determining the cause."
"0-MATAVE","MATAVE","0","banking77","hello face issue new card payment decline help issue","I've encountered difficulties in using foreign currency abroad; can someone assist me?"
"0-MATAVE","MATAVE","0","banking77","hello face issue new card payment decline help issue","I'm having trouble accessing accurate exchange rates for international transactions, any advice would be appreciated."
"0-MATAVE","MATAVE","0","banking77","hello face issue new card payment decline help issue","How do I resolve a problem where I'm unable to activate or use an account on my bank's platform?"
"0-MATAVE","MATAVE","0","banking77","hello face issue new card payment decline help issue","I need help understanding why the activation of our new online banking service failed."
"0-MATAVE","MATAVE","0","banking77","hello face issue new card payment decline help issue","I've been experiencing issues with posting payments and require assistance in troubleshooting this matter. Can someone assist me?"
"0-MATAVE","MATAVE","0","banking77","hello face issue new card payment decline help issue","Please provide guidance for resolving a transaction error I encountered while using electronic messaging services."
"0-MATAVE","MATAVE","0","banking77","hello face issue new card payment decline help issue","I'm unable to determine if my international funds transfer was successful, can you help?"
"0-MATAVE","MATAVE","0","banking77","hello face issue new card payment decline help issue","I need advice on how we should handle discrepancies found during an account review."
"0-MATAVE","MATAVE","0","banking77","hello face issue new card payment decline help issue","I've been having trouble with the activation of our new debit card; assistance would be greatly appreciated. Can someone guide me through this process?"
"0-MATAVE","MATAVE","0","banking77","hello face issue new card payment decline help issue","I'm experiencing difficulties in accessing my virtual banking services and require support to resolve these issues."
"0-MATAVE","MATAVE","0","banking77","hello face issue new card payment decline help issue","Please help us understand why we are receiving incorrect transaction rates when using foreign currency abroad."
"0-MATAVE","MATAVE","0","banking77","hello face issue new card payment decline help issue","I've encountered a problem with an electronic message not being delivered, can you provide assistance?"
"0-MATAVE","MATAVE","0","banking77","hello face issue new card payment decline help issue","I need guidance on how I should proceed after noticing unauthorized activity in my account. Can someone assist me?"
"0-MATAVE","MATAVE","0","banking77","hello face issue new card payment decline help issue","I'm having trouble accessing the correct exchange rate for international transactions; any advice would be appreciated."
"0-MATAVE","MATAVE","0","banking77","hello face issue new card payment decline help issue","How do we resolve a problem with an incorrect PIN during virtual machine access? Need assistance."
"0-MATAVE","MATAVE","0","banking77","hello face issue new card payment decline help issue","I've encountered difficulties when trying to activate our new online banking service"
"0-MATAVE","MATAVE","0","banking77","hello face issue new card payment decline help issue","card declined transaction assistance needed"" ""inquiry about foreign exchange rate fluctuation impact on international transfers."" ""sending funds from american express to a virtual account experiencing delays, need guidance."
"0-MATAVE","MATAVE","0","banking77","hello face issue new card payment decline help issue","I'm unable verify my pin for the morning machine payment. Assistance required immediately!"
"0-MATAVE","MATAVE","0","banking77","hello face issue new card payment decline help issue","I encountered an issue with activating new card services; requires immediate support."" ""Need help understanding why electronic mess transactions are being rejected despite correct details provided."" ""suspicious activity detected on american express statement—need to secure account, possible unauthorized access."
"0-MATAVE","MATAVE","0","banking77","hello face issue new card payment decline help issue","I'm having trouble confirming my identity for a virtual disposable morning machine transaction. Need assistance urgently!"
"0-MATAVE","MATAVE","0","banking77","hello face issue new card payment decline help issue","I've noticed two fraudulent charges from an American Express card and require immediate help with securing the accounts."" ""Requesting advice: how can I prevent potential fraud on international transactions?"
"0-MATAVE","MATAVE","0","banking77","hello face issue new card payment decline help issue","My new credit activation process is not working as expected, need troubleshooting support."
"0-MATAVE","MATAVE","0","banking77","hello face issue new card payment decline help issue","I'm seeing discrepancies in my account activity—can someone assist me to resolve this issue?"" ""I've lost access due a virtual disposable morning machine card and require help restoring it."" ""Request for assistance with double-charged transaction on American Express. Need immediate resolution."
"0-MATAVE","MATAVE","0","banking77","hello face issue new card payment decline help issue","My international transfer via electronic mess has been delayed, can you provide guidance?"
"0-MATAVE","MATAVE","0","banking77","hello face issue new card payment decline help issue","I'm unable verify my pin—need support to reset the security settings."
"0-MATAVE","MATAVE","0","banking77","hello face issue new card payment decline help issue","I need advice about how best activate a new virtual disposable morning machine card."" ""Encountering an issue with incorrect activation on American Express account. Need assistance."
"0-MATAVE","MATAVE","0","banking77","hello face issue new card payment decline help issue","There are unauthorized charges appearing in foreign currency; require help identifying and resolving them quickly!"
"0-MATAVE","MATAVE","0","banking77","hello face issue new card payment decline help issue","new card declined transaction assistance needed"
"0-MATAVE","MATAVE","0","banking77","hello face issue new card payment decline help issue","I need help with a virtual account access issue."
"0-MATAVE","MATAVE","0","banking77","hello face issue new card payment decline help issue","My American Express payment was rejected, please assist me in resolving this matter."
"0-MATAVE","MATAVE","0","banking77","hello face issue new card payment decline help issue","I'm having trouble activating my new debit order. Can you provide some guidance?"
"0-MATAVE","MATAVE","0","banking77","hello face issue new card payment decline help issue","There seems to be an error when I try posting money online; could someone advise on how we can fix it?"
"0-MATAVE","MATAVE","0","banking77","hello face issue new card payment decline help issue","Can anyone help with a problem I'm experiencing while using the virtual morning machine service twice consecutively?"
"0-MATAVE","MATAVE","0","banking77","hello face issue new card payment decline help issue","I've noticed that foreign transactions are being charged at different rates abroad, and I'd like some clarification."
"0-MATAVE","MATAVE","0","banking77","hello face issue new card payment decline help issue","I'm confused about an electronic mess I've encountered. How do I resolve this issue?"
"0-MATAVE","MATAVE","0","banking77","hello face issue new card payment decline help issue","My online banking account is locked; how can we get it activated again?"
"0-MATAVE","MATAVE","0","banking77","hello face issue new card payment decline help issue","Is there a way to activate my virtual card for use in the US? The system seems unresponsive."
"0-MATAVE","MATAVE","0","banking77","hello face issue new card payment decline help issue","I need advice on activating another debit order and ensuring it's accurate."
"0-MATAVE","MATAVE","0","banking77","hello face issue new card payment decline help issue","I'm having trouble with an incorrect activation of service. Can someone assist me?"
"0-MATAVE","MATAVE","0","banking77","hello face issue new card payment decline help issue","My electronic payment was declined, how can I fix this?"
"0-MATAVE","MATAVE","0","banking77","hello face issue new card payment decline help issue","How do you hide a transaction from appearing in my account history? Is there any way to determine the cause behind it?"
"0-MATAVE","MATAVE","0","banking77","hello face issue new card payment decline help issue","I need help figuring out why I'm unable access foreign transactions on American Express."
"0-MATAVE","MATAVE","0","banking77","hello face issue new card payment decline help issue","I'm experiencing difficulties with posting money online. Can someone assist me?"
"0-MATAVE","MATAVE","0","banking77","hello face issue new card payment decline help issue","My virtual card was declined, how can I resolve this issue?"
"0-MATAVE","MATAVE","0","banking77","hello face issue new card payment decline help issue","Can you advise if there's a correct action for activating my account? I've been having trouble accessing it."
"0-MATAVE","MATAVE","0","banking77","hello face issue new card payment decline help issue","I need assistance in resolving an activation problem on the banking app."
"0-MATAVE","MATAVE","0","banking77","hello face issue new card payment decline help issue","I'm encountering issues with posting money online. Can someone assist me?"
"0-MATAVE","MATAVE","0","banking77","hello face issue new card payment decline help issue","new card declined assistance required please help with the issue"
"0-MATAVE","MATAVE","0","banking77","hello face issue new card payment decline help issue","unable to verify pin on virtual disposable account need support quick fix needed for morning machine theft alert twice today, also reported an American Express transaction failure. Need accurate rate information while abroad this Saturday and advice about hiding electronic messes."
"0-MATAVE","MATAVE","0","banking77","hello face issue new card payment decline help issue","experienced a post cancellation due date error when attempting activation of my new card; require assistance with determining the actual action to take next."
"0-MATAVE","MATAVE","0","banking77","hello face issue new card payment decline help issue","recently faced issues activating account on international site without access, need help advising how I can accurately determine an issue. Please advise me if there's any required activity or correct procedure for this situation."
"0-MATAVE","MATAVE","0","banking77","hello face issue new card payment decline help issue","my American Express keep getting declined when trying rate foreign transactions abroad; what steps should be taken? Need accurate action to resolve."
"0-MATAVE","MATAVE","0","banking77","hello face issue new card payment decline help issue","I'm seeing a discrepancy in my account activation process and require assistance with determining the actual cause of failure, need advice on how I can accurately determine if it's an electronic mess or something else. Help me figure out next activity required for resolution."
"0-MATAVE","MATAVE","0","banking77","hello face issue new card payment decline help issue","I have been unable access virtual disposable morning machine twice today; requires immediate help to resolve issue as I'm getting declined every time."
"0-MATAVE","MATAVE","0","banking77","hello face issue new card payment decline help issue","my American Express card is being kept from processing transactions, what should be done? Need advice on how I can accurately determine the cause of this and find a solution. Please advise me if there's any required action or activity needed for resolution."
"0-MATAVE","MATAVE","0","banking77","hello face issue new card payment decline help issue","I am having trouble with my virtual disposable morning machine; it's been declined twice today despite trying to keep using it as usual."
"0-MATAVE","MATAVE","0","banking77","hello face issue new card payment decline help issue","my American Express card is being kept from processing international transactions, I need assistance in determining the actual cause of this issue and how best can resolve. Please advise me on any required action or activity needed for resolution."
"0-MATAVE","MATAVE","0","banking77","hello face issue new card payment decline help issue","I am unable access my virtual disposable morning machine due a decline; please help with advice to accurately determine next steps."
"0-MATAVE","MATAVE","0","banking77","hello face issue new card payment decline help issue","my American Express keep getting declined while trying rate foreign transactions abroad, need assistance in determining the actual cause of this issue and how best can resolve. Please advise me on any required action or activity needed for resolution."
"0-MATAVE","MATAVE","0","banking77","hello face issue new card payment decline help issue","I've noticed my account has been marked 'inactive' after a failed electronic funds transfer attempt; advice on how to reactivate it is required"". ""Virtual disposable morning machine isn't working properly for pin code entry, assistance needed urgently please advise."" ""My American Express card was declined twice today while attempting transactions at different locations. Can someone assist me"
"0-MATAVE","MATAVE","0","banking77","hello face issue new card payment decline help issue","new card declined help resolve issue"" ""My new debit transaction was rejected, can you assist with this?"" ""I need assistance regarding my recent bank statement showing a foreign charge I don't recognize."" ""There seems to be an error on the account activity report; could we look into it together please?"
"0-MATAVE","MATAVE","0","banking77","hello face issue new card payment decline help issue","I've been having trouble accessing some of your services, any assistance would be appreciated."" ""My recent debit card transaction was declined due to a mismatch in CVV and PIN; can you assist with this?"" ""I'm not sure why I'm seeing these charges that don't match what I've purchased. ""Could someone help me"
"0-MATAVE","MATAVE","0","banking77","hello face issue new card payment decline help issue","card declined need assistance with transaction"
"0-MATAVE","MATAVE","0","banking77","hello face issue new card payment decline help issue","new account setup help required for international transfer "" ""issue encountered during virtual card verification process, please assist."
"0-MATAVE","MATAVE","0","banking77","hello face issue new card payment decline help issue","request to activate foreign currency exchange rate on American Express statement."
"0-MATAVE","MATAVE","0","banking77","hello face issue new card payment decline help issue","experiencing problems linking debit via mobile phone number; require immediate support."
"0-MATAVE","MATAVE","0","banking77","hello face issue new card payment decline help issue","unable confirm pin code from disposable morning machine at ATM - need assistance with authentication"
"0-MATAVE","MATAVE","0","banking77","hello face issue new card payment decline help issue","receiving incorrect balance information for my checking account and seeking clarification. ""American express card not being accepted overseas, how to resolve?"
"0-MATAVE","MATAVE","0","banking77","hello face issue new card payment decline help issue","virtual payment gateway error when attempting a double transaction on American Express."
"0-MATAVE","MATAVE","0","banking77","hello face issue new card payment decline help issue","guidance needed in setting up two-factor security feature; experiencing activation issues."
"0-MATAVE","MATAVE","0","banking77","hello face issue new card payment decline help issue","unable access online banking portal - requires assistance with login credentials"
"0-MATAVE","MATAVE","0","banking77","hello face issue new card payment decline help issue","issue processing electronic funds transfer for the first time and need help troubleshooting errors. ""Need advice to resolve pinless virtual machine theft concerns"
"0-MATAVE","MATAVE","0","banking77","hello face issue new card payment decline help issue","discrepancy noticed on my credit card statement, suspect fraud – seeking resolution."
"0-MATAVE","MATAVE","0","banking77","hello face issue new card payment decline help issue","attempting a cross-border transaction but encountering hidden fees; how can I avoid them?"
"0-MATAVE","MATAVE","0","banking77","hello face issue new card payment decline help issue","experiencing difficulties with account activation - requires immediate assistance"
"0-MATAVE","MATAVE","0","banking77","hello face issue new card payment decline help issue","trying for the first time and facing issues while setting up foreign currency rates in online banking portal."
"0-MATAVE","MATAVE","0","banking77","hello face issue new card payment decline help issue","virtual disposable machine malfunctioning, unable to complete payment using American Express card."
"0-MATAVE","MATAVE","0","banking77","hello face issue new card payment decline help issue","seeking help on resolving an incorrect balance displayed after recent transaction activity. ""Need guidance with electronic funds transfer activation"
"0-MATAVE","MATAVE","0","banking77","hello face issue new card payment decline help issue","encountering errors during attempt at international wire via debit"
"0-MATAVE","MATAVE","0","banking77","hello face issue new card payment decline help issue","facing issues verifying identity for foreign transactions - how can I resolve this?"
"0-MATAVE","MATAVE","0","banking77","hello face issue new card payment decline help issue","assistance required in setting up virtual disposable machine payment system; experiencing difficulties."
"0-MATAVE","MATAVE","0","banking77","hello face issue new card payment decline help issue","American Express card declined due to incorrect PIN, need help resolving the issue."
"0-MATAVE","MATAVE","0","banking77","hello face issue new card payment decline help issue","face issue with new card payment decline assistance needed"
"0-MATAVE","MATAVE","0","banking77","hello face issue new card payment decline help issue","help resolve declined credit transaction on American Express account please assist me."
"0-MATAVE","MATAVE","0","banking77","hello face issue new card payment decline help issue","sending money to a virtual disposable morning machine encountered an error, can you help?"
"0-MATAVE","MATAVE","0","banking77","hello face issue new card payment decline help issue","encountering issues processing my twice attempt for stolen funds via PayPal. Need support."
"0-MATAVE","MATAVE","0","banking77","hello face issue new card payment decline help issue","I'm having trouble activating the rate of exchange while abroad this Saturday and need guidance with electronic transfers; how do I determine what post should be used? Also looking into advice on foreign access rates."
"0-MATAVE","MATAVE","0","banking77","hello face issue new card payment decline help issue","I activated a new account but can't figure out why I'm unable to activate my credit card, can someone advise me?"
"0-MATAVE","MATAVE","0","banking77","hello face issue new card payment decline help issue","My attempt at making an international transaction was inaccurate. How might one correct this issue and successfully make the payment?"
"0-MATAVE","MATAVE","0","banking77","hello face issue new card payment decline help issue","How do I determine if there's been any fraudulent activity on our electronic mess? We need advice for a possible security breach."
"0-MATAVE","MATAVE","0","banking77","hello face issue new card payment decline help issue","I am unable to post my order; is there another way or should we activate alternative shipping?"
"0-MATAVE","MATAVE","0","banking77","hello face issue new card payment decline help issue","Is it normal that after activation, I'm not seeing an increase in account balance despite having completed the transaction?"
"0-MATAVE","MATAVE","0","banking77","hello face issue new card payment decline help issue","I've noticed some discrepancies with rates on foreign transactions and require accurate action. How can I correct this issue before making a purchase abroad? Can someone advise me how to proceed?"
"0-MATAVE","MATAVE","0","banking77","hello face issue new card payment decline help issue","My American Express card was declined again during my last attempt at payment; what should be done next?"
"0-MATAVE","MATAVE","0","banking77","hello face issue new card payment decline help issue","Is there any way we could activate the new security feature without compromising our current transactions?"
"0-MATAVE","MATAVE","0","banking77","hello face issue new card payment decline help issue","How do you suggest I determine if there's been an error in electronic mess? My recent transaction seems to have gone through, but I'm not sure it's accurate."
"0-MATAVE","MATAVE","0","banking77","hello face issue new card payment decline help issue","I need advice on how best acti... (truncated)"
"0-MATAVE","MATAVE","0","banking77","hello face issue new card payment decline help issue","card payment declined assistance needed help with decline"
"0-MATAVE","MATAVE","0","banking77","hello face issue new card payment decline help issue","card payment declined assistance needed issue resolution"
"0-MATAVE","MATAVE","0","banking77","hello face issue new card payment decline help issue","foreign transaction error on american express alert Saturday confirmation required correct action steps for virtual machine access "" ""twice charged account linked to stolen card advice seeking help with double charges and activation status verification of morning routine device security feature."
"0-MATAVE","MATAVE","0","banking77","hello face issue new card payment decline help issue","accurate foreign currency exchange rate update request ensure proper post office delivery tracking service available"" ""activation problem encountered after electronic message sent advise on how best proceed further assistance required for successful online payment platform engagement "" ""unable access virtual disposable card linked to american express account seek immediate resolution help with incorrect PIN issues affecting morning routine activities."
"0-MATAVE","MATAVE","0","banking77","hello face issue new card payment decline help issue","need advice regarding unusual charge activity twice seen in my foreign transactions keep receiving erroneous emails from unknown sender seeking verification of electronic identity"" ""request activation confirmation on new device experiencing connectivity problems need assistance activating service for accurate post office tracking "" ""payment declined due to suspected fraud alert received multiple times while attempting card payments advise next steps and potential solutions."
"0-MATAVE","MATAVE","0","banking77","hello face issue new card payment decline help issue","unable verify virtual disposable morning machine PIN encountered issues with american express account needing support resolving incorrect charges from international transactions"" ""requesting advice on how best proceed after receiving an inaccurate foreign transaction rate for a post office tracking service activation "" ""need assistance activating new electronic payment platform experiencing multiple failed attempts seek guidance to resolve issue and ensure successful online purchase."
"0-MATAVE","MATAVE","0","banking77","hello face issue new card payment decline help issue","unable confirm virtual disposable machine PIN linked with american express account facing repeated declined charges due suspected fraud alert, need urgent support resolving the problem"" ""twice charged on my American Express card suspecting a security breach advise immediate assistance in verifying transaction history "" ""activation error encountered while trying to use new electronic payment service seeking advice for troubleshooting and resolution of issue."
"0-MATAVE","MATAVE","0","banking77","hello face issue new card payment decline help issue","unable verify virtual disposable machine PIN linked with american express account experiencing multiple declined charges, need help resolving suspected fraud alert"" ""request activation confirmation on my morning routine device encountering issues during first-time setup advise how best proceed "" ""twice charged due to foreign transaction error seek assistance in confirming status change and resolution of issue for American Express card."
"0-MATAVE","MATAVE","0","banking77","hello face issue new card payment decline help issue","unable verify virtual disposable machine PIN linked with american express account, experiencing multiple declined charges from international transactions seeking urgent support"" ""payment failed on new electronic platform needing activation advice ensure accurate post office tracking service confirmation "" ""requesting help to resolve foreign transaction error affecting my double charged morning routine device and advise next steps for resolving issue."
"0-MATAVE","MATAVE","0","banking77","hello face issue new card payment decline help issue","unable verify virtual disposable machine PIN linked with American Express account experiencing repeated declined charges, need assistance in activating card"" ""twice billed on american express due suspected fraud alert seeking advice how best proceed confirm status of activation"
"0-MATAVE","MATAVE","0","banking77","hello face issue new card payment decline help issue","Can someone assist me in resolving the issue of being declined for new credit? I've tried everything but it's still not working."" ""I'm having trouble accessing a virtual disposable card due to incorrect pin code, can you help?"" ""I've been trying multiple times and I'm unable"
"0-MATAVE","MATAVE","0","banking77","hello face issue new card payment decline help issue","requesting help to resolve a decline on my recent American Express transaction."
"0-MATAVE","MATAVE","0","banking77","hello face issue new card payment decline help issue","I need support regarding the rejection of an electronic funds transfer from PayPal."
"0-MATAVE","MATAVE","0","banking77","hello face issue new card payment decline help issue","I'm experiencing difficulties after attempting twice, could you assist me?"
"0-MATAVE","MATAVE","0","banking77","hello face issue new card payment decline help issue","Can someone guide us through fixing issues with our virtual disposable morning machine account?"
"0-MATAVE","MATAVE","0","banking77","hello face issue new card payment decline help issue","There seems be some sort issue when trying to activate my new credit card."
"0-MATAVE","MATAVE","0","banking77","hello face issue new card payment decline help issue","I need assistance in understanding why a foreign transaction is being declined on Saturday."
"0-MATAVE","MATAVE","0","banking77","hello face issue new card payment decline help issue","I'm having trouble determining the correct action for an incorrectly processed PayPal payment. Can you advise?"
"0-MATAVE","MATAVE","0","banking77","hello face issue new card payment decline help issue","Please help me with advice regarding how I can access services while abroad and facing login issues."
"0-MATAVE","MATAVE","0","banking77","hello face issue new card payment decline help issue","What steps should be taken to activate my new debit card that was just issued?"
"0-MATAVE","MATAVE","0","banking77","hello face issue new card payment decline help issue","I need assistance in resolving a transaction issue related specifically on American Express."
"0-MATAVE","MATAVE","0","banking77","hello face issue new card payment decline help issue","I'm encountering an error when trying post the payment for international shipping. Can you help?"
"0-MATAVE","MATAVE","0","banking77","hello face issue new card payment decline help issue","Could someone advise me how I can determine what action is required if I'm unable access electronic funds transfer due to incorrect details."
"0-MATAVE","MATAVE","0","banking77","hello face issue new card payment decline help issue","What should be done about being locked out of my account after a failed login attempt?"
"0-MATAVE","MATAVE","0","banking77","hello face issue new card payment decline help issue","I need assistance in understanding why an activation process for new card was unsuccessful."
"0-MATAVE","MATAVE","0","banking77","hello face issue new card payment decline help issue","I'm experiencing issues with determining the right course post attempting multiple transactions on American Express."
"0-MATAVE","MATAVE","0","banking77","hello face issue new card payment decline help issue","inquiry about virtual card activation status help required immediately."
"0-MATAVE","MATAVE","0","banking77","hello face issue new card payment decline help issue","saturday international transaction delay on American Express, need support to resolve the matter urgently. Please assist with this foreign rate discrepancy and get it resolved promptly!"
"0-MATAVE","MATAVE","0","banking77","hello face issue new card payment decline help issue","I encountered a problem when trying my new pin for an electronic morning machine; could you guide me through fixing or replacing that? Also available is another card in case of any issues."
"0-MATAVE","MATAVE","0","banking77","hello face issue new card payment decline help issue","Having trouble confirming access abroad, need assistance to ensure accurate action. Can someone help with the activation process and resolve this issue?"
"0-MATAVE","MATAVE","0","banking77","hello face issue new card payment decline help issue","I'm seeing discrepancies on a recent transaction—could we determine if there's an error before posting it officially?"" ""I forgot my pin for virtual disposable; can you advise me how I might reset or retrieve that information? Also have another card ready just in case."
"0-MATAVE","MATAVE","0","banking77","hello face issue new card payment decline help issue","Encountered issues with American Express, need help to keep track of the correct foreign rate. Can someone assist?"
"0-MATAVE","MATAVE","0","banking77","hello face issue new card payment decline help issue","I'm trying out a new activation process and experiencing some problems—could use advice on what steps should be taken next."" ""I've been advised incorrectly about an account issue; could you advise me accurately? Need assistance in activating my service as well."
"0-MATAVE","MATAVE","0","banking77","hello face issue new card payment decline help issue","Having trouble with electronic payment verification, need help to determine if it's just temporary or something more serious. Can someone assist?"
"0-MATAVE","MATAVE","0","banking77","hello face issue new card payment decline help issue","I'm unable confirm access abroad and require accurate action—could use some advice on how best proceed."" ""I've forgotten the pin for a virtual disposable card; can you advise me what steps I should take next? Also have another backup in case."
"0-MATAVE","MATAVE","0","banking77","hello face issue new card payment decline help issue","Seeking assistance with American Express rate discrepancies when making foreign transactions. Need help to determine if there's an error and resolve it quickly."
